Date,Value
1982-08-20,0.0
1982-08-27,0.0
1982-09-24,0.0
1982-10-01,0.0
1982-10-08,0.0
1982-10-15,0.0
1982-10-22,0.0
1982-10-29,0.0
1982-11-05,0.0
1982-11-12,0.0
1982-11-19,0.0
1982-11-26,0.0
1982-12-03,0.0
1982-12-10,0.0
1982-12-17,0.0
1982-12-24,0.0
1982-12-31,0.0
1983-01-07,0.0
1983-01-14,0.0
1983-01-21,0.0
1983-01-28,0.0
1983-02-04,0.0
1983-02-11,0.0
1983-02-18,0.0
1983-02-25,0.0
1983-03-04,0.0
1983-03-11,0.0
1983-03-18,0.0
1983-03-25,0.0
1983-04-01,0.0
1983-04-08,0.0
1983-04-15,0.0
1983-04-29,0.0
1983-05-13,0.0
1983-05-20,0.0
1983-06-03,0.0
1983-06-10,0.0
1983-06-17,0.0
1983-06-24,0.0
1983-07-01,0.0
1983-07-08,0.0
1983-07-15,0.0
1983-07-22,0.0
1983-07-29,0.0
1983-08-05,0.0
1983-08-12,0.0
1983-08-19,0.0
1983-08-26,0.0
1983-09-02,0.0
1983-09-09,0.0
1983-09-16,0.0
1983-09-23,0.0
1983-09-30,0.0
1983-10-07,0.0
1983-10-14,0.0
1983-10-21,0.0
1983-10-28,0.0
1983-11-04,0.0
1983-11-11,0.0
1983-11-18,0.0
1983-11-25,0.0
1983-12-02,0.0
1983-12-09,0.0
1983-12-16,0.0
1983-12-23,0.0
1983-12-30,0.0
1984-01-06,0.0
1984-01-13,0.0
1984-01-20,0.0
1984-01-27,0.0
1984-02-03,0.0
1984-02-10,0.0
1984-02-17,0.0
1984-02-24,0.0
1984-03-02,0.0
1984-03-09,0.0
1984-03-16,0.0
1984-03-23,0.0
1984-03-30,0.0
1984-04-06,0.0
1984-04-13,0.0
1984-04-20,0.0
1984-04-27,0.0
1984-05-04,0.0
1984-05-11,0.0
1984-05-18,0.0
1984-05-25,0.0
1984-06-01,0.0
1984-06-08,0.0
1984-06-15,0.0
1984-06-22,0.0
1984-06-29,0.0
1984-07-06,0.0
1984-07-13,0.0
1984-07-20,0.0
1984-07-27,0.0
1984-08-03,0.0
1984-08-10,0.0
1984-08-17,0.0
1984-08-24,0.0
1984-08-31,0.0
1984-09-07,0.0
1984-09-14,0.0
1984-09-21,0.0
1984-09-28,0.0
1984-10-05,0.0
1984-10-12,0.0
1984-10-19,0.0
1984-10-26,0.0
1984-11-02,0.0
1984-11-09,0.0
1984-11-16,0.0
1984-11-23,0.0
1984-11-30,0.0
1984-12-07,0.0
1984-12-14,0.0
1984-12-21,0.0
1984-12-28,0.0
1985-01-04,0.0
1985-01-11,0.0
1985-01-18,0.0
1985-01-25,0.0
1985-02-01,0.0
1985-02-08,0.0
1985-02-15,0.0
1985-02-22,0.0
1985-03-01,0.0
1985-03-08,0.0
1985-03-15,0.0
1985-03-22,0.0
1985-03-29,0.0
1985-04-05,0.0
1985-04-12,0.0
1985-04-19,0.0
1985-04-26,0.0
1985-05-03,0.0
1985-05-10,0.0
1985-05-17,0.0
1985-05-24,0.0
1985-05-31,0.0
1985-06-07,0.0
1985-06-14,0.0
1985-06-21,0.0
1985-06-28,0.0
1985-07-05,0.0
1985-07-12,0.0
1985-07-19,0.0
1985-07-26,0.0
1985-08-02,0.0
1985-08-09,0.0
1985-08-16,0.0
1985-08-23,0.0
1985-08-30,0.0
1985-09-06,0.0
1985-09-13,0.0
1985-09-20,0.0
1985-09-27,0.0
1985-10-04,0.0
1985-10-11,0.0
1985-10-18,0.0
1985-10-25,0.0
1985-11-01,0.0
1985-11-08,0.0
1985-11-15,0.0
1985-11-22,0.0
1985-11-29,0.0
1985-12-06,0.0
1985-12-13,0.0
1985-12-20,0.0
1985-12-27,0.0
1986-01-03,0.0
1986-01-10,0.0
1986-01-17,0.0
1986-01-24,0.0
1986-01-31,0.0
1986-02-07,0.0
1986-02-14,0.0
1986-02-21,0.0
1986-02-28,0.0
1986-03-07,0.0
1986-03-14,0.0
1986-03-21,0.0
1986-03-28,0.0
1986-04-04,0.0
1986-04-11,0.0
1986-04-18,0.0
1986-04-25,0.0
1986-05-02,0.0
1986-05-09,0.0
1986-05-16,0.0
1986-05-23,0.0
1986-05-30,0.0
1986-06-06,0.0
1986-06-13,0.0
1986-06-20,0.0
1986-06-27,0.0
1986-07-04,0.0
1986-07-11,0.0
1986-07-18,0.0
1986-07-25,0.0
1986-08-01,0.0
1986-08-08,0.0
1986-08-15,0.0
1986-08-22,0.0
1986-08-29,0.0
1986-09-05,0.0
1986-09-12,0.0
1986-09-19,0.0
1986-09-26,0.0
1986-10-03,0.0
1986-10-10,0.0
1986-10-17,0.0
1986-10-24,0.0
1986-10-31,0.0
1986-11-07,0.0
1986-11-14,0.0
1986-11-21,0.0
1986-11-28,0.0
1986-12-05,0.0
1986-12-12,0.0
1986-12-19,0.0
1986-12-26,0.0
1987-01-02,0.0
1987-01-09,0.0
1987-01-16,0.0
1987-01-23,0.0
1987-01-30,0.0
1987-02-06,0.0
1987-02-13,0.0
1987-02-20,0.0
1987-02-27,0.0
1987-03-06,0.0
1987-03-13,0.0
1987-03-20,0.0
1987-03-27,0.0
1987-04-03,0.0
1987-04-10,0.0
1987-04-17,0.0
1987-04-24,0.0
1987-05-01,0.0
1987-05-08,0.0
1987-05-15,0.0
1987-05-22,0.0
1987-05-29,0.0
1987-06-05,0.0
1987-06-12,0.0
1987-06-19,0.0
1987-06-26,0.0
1987-07-03,0.0
1987-07-10,0.0
1987-07-17,0.0
1987-07-24,0.0
1987-07-31,0.0
1987-08-07,0.0
1987-08-14,0.0
1987-08-21,0.0
1987-08-28,0.0
1987-09-04,0.0
1987-09-11,0.0
1987-09-18,0.0
1987-09-25,0.0
1987-10-02,0.0
1987-10-09,0.0
1987-10-16,0.0
1987-10-23,0.0
1987-10-30,0.0
1987-11-06,0.0
1987-11-13,0.0
1987-11-20,0.0
1987-11-27,0.0
1987-12-04,0.0
1987-12-11,0.0
1987-12-18,0.0
1987-12-25,0.0
1988-01-01,0.0
1988-01-08,0.0
1988-01-15,0.0
1988-01-22,0.0
1988-01-29,0.0
1988-02-05,0.0
1988-02-12,0.0
1988-02-19,0.0
1988-02-26,0.0
1988-03-04,0.0
1988-03-11,0.0
1988-03-18,0.0
1988-03-25,0.0
1988-04-01,0.0
1988-04-08,0.0
1988-04-15,0.0
1988-04-22,0.0
1988-04-29,0.0
1988-05-06,0.0
1988-05-13,0.0
1988-05-20,0.0
1988-05-27,0.0
1988-06-03,0.0
1988-06-10,0.0
1988-06-17,0.0
1988-06-24,0.0
1988-07-01,0.0
1988-07-08,0.0
1988-07-15,0.0
1988-07-22,0.0
1988-07-29,0.0
1988-08-05,0.0
1988-08-12,0.0
1988-08-19,0.0
1988-08-26,0.0
1988-09-02,0.0
1988-09-09,0.0
1988-09-16,0.0
1988-09-23,0.0
1988-09-30,0.0
1988-10-07,0.0
1988-10-14,0.0
1988-10-21,0.0
1988-10-28,0.0
1988-11-04,0.0
1988-11-11,0.0
1988-11-18,0.0
1988-11-25,0.0
1988-12-02,0.0
1988-12-09,0.0
1988-12-16,0.0
1988-12-23,0.0
1988-12-30,0.0
1989-01-06,0.0
1989-01-13,0.0
1989-01-20,0.0
1989-01-27,0.0
1989-02-03,0.0
1989-02-10,0.0
1989-02-17,0.0
1989-02-24,0.0
1989-03-03,0.0
1989-03-10,0.0
1989-03-17,0.0
1989-03-24,0.0
1989-03-31,0.0
1989-04-07,0.0
1989-04-14,0.0
1989-04-21,0.0
1989-04-28,0.0
1989-05-05,0.0
1989-05-12,0.0
1989-05-19,0.0
1989-05-26,0.0
1989-06-02,0.0
1989-06-09,0.0
1989-06-16,0.0
1989-06-23,0.0
1989-06-30,0.0
1989-07-07,0.0
1989-07-14,0.0
1989-07-21,0.0
1989-07-28,0.0
1989-08-04,0.0
1989-08-11,0.0
1989-08-18,0.0
1989-08-25,0.0
1989-09-01,0.0
1989-09-08,0.0
1989-09-15,0.0
1989-09-22,0.0
1989-09-29,0.0
1989-10-06,0.0
1989-10-13,0.0
1989-10-20,0.0
1989-10-27,0.0
1989-11-03,0.0
1989-11-10,0.0
1989-11-17,0.0
1989-11-24,0.0
1989-12-01,0.0
1989-12-08,0.0
1989-12-15,0.0
1989-12-22,0.0
1989-12-29,0.0
1990-01-05,32514.0
1990-01-12,33579.0
1990-01-19,34838.0
1990-01-26,35900.0
1990-02-02,35239.0
1990-02-09,35574.0
1990-02-16,34729.0
1990-02-23,34184.0
1990-03-02,34059.0
1990-03-09,32717.0
1990-03-16,31418.0
1990-03-23,31520.0
1990-03-30,31688.0
1990-04-06,30164.0
1990-04-13,30542.0
1990-04-20,30329.0
1990-04-27,30508.0
1990-05-04,28899.0
1990-05-11,29435.0
1990-05-18,30150.0
1990-05-25,29760.0
1990-06-01,30974.0
1990-06-08,30845.0
1990-06-15,31688.0
1990-06-22,30949.0
1990-06-29,31300.0
1990-07-06,31240.0
1990-07-13,31911.0
1990-07-20,31355.0
1990-07-27,32039.0
1990-08-03,30914.0
1990-08-10,30278.0
1990-08-17,31082.0
1990-08-24,30614.0
1990-08-31,31481.0
1990-09-07,32566.0
1990-09-14,32254.0
1990-09-21,32251.0
1990-09-28,30886.0
1990-10-05,30353.0
1990-10-12,30153.0
1990-10-19,30570.0
1990-10-26,30577.0
1990-11-02,30027.0
1990-11-09,42846.0
1990-11-16,42901.0
1990-11-23,44611.0
1990-11-30,44987.0
1990-12-07,45395.0
1990-12-14,46704.0
1990-12-21,47103.0
1990-12-28,48161.0
1991-01-04,49367.0
1991-01-11,46154.0
1991-01-18,43815.0
1991-01-25,43332.0
1991-02-01,42394.0
1991-02-08,42900.0
1991-02-15,42029.0
1991-02-22,42352.0
1991-03-01,41333.0
1991-03-08,40223.0
1991-03-15,38962.0
1991-03-22,38651.0
1991-03-29,40543.0
1991-04-05,40677.0
1991-04-12,40172.0
1991-04-19,39950.0
1991-04-26,39957.0
1991-05-03,30235.0
1991-05-10,41249.0
1991-05-17,41452.0
1991-05-24,42190.0
1991-05-31,43642.0
1991-06-07,43041.0
1991-06-14,43244.0
1991-06-21,43709.0
1991-06-28,42707.0
1991-07-05,41851.0
1991-07-12,43416.0
1991-07-19,42892.0
1991-07-26,43067.0
1991-08-02,44029.0
1991-08-09,43527.0
1991-08-16,42550.0
1991-08-23,43664.0
1991-08-30,43136.0
1991-09-06,44809.0
1991-09-13,44787.0
1991-09-20,45663.0
1991-09-27,44648.0
1991-10-04,43975.0
1991-10-11,43285.0
1991-10-18,42913.0
1991-10-25,43342.0
1991-11-01,44151.0
1991-11-08,43661.0
1991-11-15,43334.0
1991-11-22,43608.0
1991-11-29,45460.0
1991-12-06,46393.0
1991-12-13,46861.0
1991-12-20,45594.0
1991-12-27,46891.0
1992-01-03,48309.0
1992-01-10,45807.0
1992-01-17,46673.0
1992-01-24,44302.0
1992-01-31,42468.0
1992-02-07,43147.0
1992-02-14,40932.0
1992-02-21,40858.0
1992-02-28,41269.0
1992-03-06,40685.0
1992-03-13,41334.0
1992-03-20,39837.0
1992-03-27,39245.0
1992-04-03,39269.0
1992-04-10,38544.0
1992-04-17,37686.0
1992-04-24,39007.0
1992-05-01,38642.0
1992-05-08,36293.0
1992-05-15,36500.0
1992-05-22,36122.0
1992-05-29,38023.0
1992-06-05,36918.0
1992-06-12,38977.0
1992-06-19,38924.0
1992-06-26,40995.0
1992-07-03,41677.0
1992-07-10,42923.0
1992-07-17,40819.0
1992-07-24,40798.0
1992-07-31,41558.0
1992-08-07,41552.0
1992-08-14,42326.0
1992-08-21,41079.0
1992-08-28,42182.0
1992-09-04,41078.0
1992-09-11,42610.0
1992-09-18,42789.0
1992-09-25,43037.0
1992-10-02,42320.0
1992-10-09,41632.0
1992-10-16,40216.0
1992-10-23,41049.0
1992-10-30,41656.0
1992-11-06,41029.0
1992-11-13,42125.0
1992-11-20,42253.0
1992-11-27,43355.0
1992-12-04,45975.0
1992-12-11,44562.0
1992-12-18,42882.0
1992-12-25,42911.0
1993-01-01,46191.0
1993-01-08,48401.0
1993-01-15,49292.0
1993-01-22,46770.0
1993-01-29,45961.0
1993-02-05,44767.0
1993-02-12,43041.0
1993-02-19,43199.0
1993-02-26,40614.0
1993-03-05,39697.0
1993-03-12,40417.0
1993-03-19,38300.0
1993-03-26,38448.0
1993-04-02,40565.0
1993-04-09,39434.0
1993-04-16,38362.0
1993-04-23,37772.0
1993-04-30,37361.0
1993-05-07,36061.0
1993-05-14,36939.0
1993-05-21,35833.0
1993-05-28,36684.0
1993-06-04,36014.0
1993-06-11,38333.0
1993-06-18,37927.0
1993-06-25,38040.0
1993-07-02,39551.0
1993-07-09,39557.0
1993-07-16,41283.0
1993-07-23,41132.0
1993-07-30,41403.0
1993-08-06,38511.0
1993-08-13,36826.0
1993-08-20,36684.0
1993-08-27,36541.0
1993-09-03,37399.0
1993-09-10,39493.0
1993-09-17,39053.0
1993-09-24,39634.0
1993-10-01,38973.0
1993-10-08,38182.0
1993-10-15,37059.0
1993-10-22,39703.0
1993-10-29,42170.0
1993-11-05,41851.0
1993-11-12,42643.0
1993-11-19,43270.0
1993-11-26,44246.0
1993-12-03,48115.0
1993-12-10,47994.0
1993-12-17,47591.0
1993-12-24,46598.0
1993-12-31,50111.0
1994-01-07,50271.0
1994-01-14,47801.0
1994-01-21,45602.0
1994-01-28,43316.0
1994-02-04,40689.0
1994-02-11,39602.0
1994-02-18,39921.0
1994-02-25,38640.0
1994-03-04,38746.0
1994-03-11,38397.0
1994-03-18,39520.0
1994-03-25,38538.0
1994-04-01,38684.0
1994-04-08,39853.0
1994-04-15,39160.0
1994-04-22,39185.0
1994-04-29,42123.0
1994-05-06,42871.0
1994-05-13,42961.0
1994-05-20,42225.0
1994-05-27,41779.0
1994-06-03,42819.0
1994-06-10,42200.0
1994-06-17,43135.0
1994-06-24,41451.0
1994-07-01,42034.0
1994-07-08,42784.0
1994-07-15,42988.0
1994-07-22,43678.0
1994-07-29,44356.0
1994-08-05,44747.0
1994-08-12,44721.0
1994-08-19,44518.0
1994-08-26,45066.0
1994-09-02,44218.0
1994-09-09,46351.0
1994-09-16,45395.0
1994-09-23,45083.0
1994-09-30,44689.0
1994-10-07,44007.0
1994-10-14,44569.0
1994-10-21,44641.0
1994-10-28,43145.0
1994-11-04,41409.0
1994-11-11,41912.0
1994-11-18,42015.0
1994-11-25,43749.0
1994-12-02,45005.0
1994-12-09,44185.0
1994-12-16,45052.0
1994-12-23,46243.0
1994-12-30,48012.0
1995-01-06,49602.0
1995-01-13,48029.0
1995-01-20,49500.0
1995-01-27,47593.0
1995-02-03,46559.0
1995-02-10,45673.0
1995-02-17,43235.0
1995-02-24,41363.0
1995-03-03,43259.0
1995-03-10,42367.0
1995-03-17,42369.0
1995-03-24,42446.0
1995-03-31,45118.0
1995-04-07,42698.0
1995-04-14,41761.0
1995-04-21,42733.0
1995-04-28,44663.0
1995-05-05,43253.0
1995-05-12,43757.0
1995-05-19,43560.0
1995-05-26,43274.0
1995-06-02,43341.0
1995-06-09,44023.0
1995-06-16,42992.0
1995-06-23,43076.0
1995-06-30,42659.0
1995-07-07,42598.0
1995-07-14,42970.0
1995-07-21,43408.0
1995-07-28,42887.0
1995-08-04,42500.0
1995-08-11,42213.0
1995-08-18,42425.0
1995-08-25,41382.0
1995-09-01,41811.0
1995-09-08,43820.0
1995-09-15,42928.0
1995-09-22,44608.0
1995-09-29,44799.0
1995-10-06,42374.0
1995-10-13,43943.0
1995-10-20,42139.0
1995-10-27,40342.0
1995-11-03,40770.0
1995-11-10,41318.0
1995-11-17,40171.0
1995-11-24,41266.0
1995-12-01,45142.0
1995-12-08,45748.0
1995-12-15,44447.0
1995-12-22,44524.0
1995-12-29,46394.0
1996-01-05,46701.0
1996-01-12,43162.0
1996-01-19,41197.0
1996-01-26,41046.0
1996-02-02,39280.0
1996-02-09,37022.0
1996-02-16,37219.0
1996-02-23,36897.0
1996-03-01,37285.0
1996-03-08,37588.0
1996-03-15,36219.0
1996-03-22,36469.0
1996-03-29,36214.0
1996-04-05,36020.0
1996-04-12,36313.0
1996-04-19,35946.0
1996-04-26,35853.0
1996-05-03,35852.0
1996-05-10,36860.0
1996-05-17,36247.0
1996-05-24,36295.0
1996-05-31,38962.0
1996-06-07,38082.0
1996-06-14,37837.0
1996-06-21,39089.0
1996-06-28,38966.0
1996-07-05,38827.0
1996-07-12,38418.0
1996-07-19,40953.0
1996-07-26,38656.0
1996-08-02,39537.0
1996-08-09,40275.0
1996-08-16,38687.0
1996-08-23,40572.0
1996-08-30,41166.0
1996-09-06,43280.0
1996-09-13,43362.0
1996-09-20,42845.0
1996-09-27,43283.0
1996-10-04,43341.0
1996-10-11,41310.0
1996-10-18,40828.0
1996-10-25,40213.0
1996-11-01,39287.0
1996-11-08,37971.0
1996-11-15,38622.0
1996-11-22,37159.0
1996-11-29,40268.0
1996-12-06,42638.0
1996-12-13,42840.0
1996-12-20,43625.0
1996-12-27,44649.0
1997-01-03,45257.0
1997-01-10,44572.0
1997-01-17,43159.0
1997-01-24,42189.0
1997-01-31,41789.0
1997-02-07,38974.0
1997-02-14,39491.0
1997-02-21,40483.0
1997-02-28,40057.0
1997-03-07,40647.0
1997-03-14,38940.0
1997-03-21,39580.0
1997-03-28,38128.0
1997-04-04,38447.0
1997-04-11,39607.0
1997-04-18,38373.0
1997-04-25,38669.0
1997-05-02,37251.0
1997-05-09,37494.0
1997-05-16,37255.0
1997-05-23,37201.0
1997-05-30,40662.0
1997-06-06,42123.0
1997-06-13,42099.0
1997-06-20,44472.0
1997-06-27,44674.0
1997-07-04,44095.0
1997-07-11,44978.0
1997-07-18,43635.0
1997-07-25,43928.0
1997-08-01,42963.0
1997-08-08,43336.0
1997-08-15,42985.0
1997-08-22,42775.0
1997-08-29,42907.0
1997-09-05,44554.0
1997-09-12,44274.0
1997-09-19,46059.0
1997-09-26,45555.0
1997-10-03,44839.0
1997-10-10,43667.0
1997-10-17,43878.0
1997-10-24,42468.0
1997-10-31,41714.0
1997-11-07,42263.0
1997-11-14,41135.0
1997-11-21,42790.0
1997-11-28,42605.0
1997-12-05,43327.0
1997-12-12,44909.0
1997-12-19,44006.0
1997-12-26,40906.0
1998-01-02,47219.0
1998-01-09,47176.0
1998-01-16,46318.0
1998-01-23,45571.0
1998-01-30,43667.0
1998-02-06,44349.0
1998-02-13,44052.0
1998-02-20,43706.0
1998-02-27,43739.0
1998-03-06,44287.0
1998-03-13,43339.0
1998-03-20,41146.0
1998-03-27,41021.0
1998-04-03,41070.0
1998-04-10,40948.0
1998-04-17,41282.0
1998-04-24,41324.0
1998-05-01,43054.0
1998-05-08,43541.0
1998-05-15,42163.0
1998-05-22,42411.0
1998-05-29,43619.0
1998-06-05,41892.0
1998-06-12,41793.0
1998-06-19,42823.0
1998-06-26,41242.0
1998-07-03,42418.0
1998-07-10,43968.0
1998-07-17,43694.0
1998-07-24,45481.0
1998-07-31,44385.0
1998-08-07,45283.0
1998-08-14,45515.0
1998-08-21,44983.0
1998-08-28,45655.0
1998-09-04,44409.0
1998-09-11,44896.0
1998-09-18,45237.0
1998-09-25,43026.0
1998-10-02,43639.0
1998-10-09,41719.0
1998-10-16,40766.0
1998-10-23,41063.0
1998-10-30,39429.0
1998-11-06,39311.0
1998-11-13,39947.0
1998-11-20,40432.0
1998-11-27,41498.0
1998-12-04,42970.0
1998-12-11,45845.0
1998-12-18,43739.0
1998-12-25,44246.0
1999-01-01,48799.0
1999-01-08,48717.0
1999-01-15,45444.0
1999-01-22,46608.0
1999-01-29,45928.0
1999-02-05,46449.0
1999-02-12,48008.0
1999-02-19,46800.0
1999-02-26,46555.0
1999-03-05,45059.0
1999-03-12,43554.0
1999-03-19,43423.0
1999-03-26,40810.0
1999-04-02,43177.0
1999-04-09,43727.0
1999-04-16,44341.0
1999-04-23,44762.0
1999-04-30,44710.0
1999-05-07,45185.0
1999-05-14,45493.0
1999-05-21,44236.0
1999-05-28,45463.0
1999-06-04,44649.0
1999-06-11,44355.0
1999-06-18,42295.0
1999-06-25,43194.0
1999-07-02,41650.0
1999-07-09,43761.0
1999-07-16,41951.0
1999-07-23,42587.0
1999-07-30,42675.0
1999-08-06,41021.0
1999-08-13,41404.0
1999-08-20,42302.0
1999-08-27,41841.0
1999-09-03,41825.0
1999-09-10,42073.0
1999-09-17,43420.0
1999-09-24,43929.0
1999-10-01,44025.0
1999-10-08,42806.0
1999-10-15,42243.0
1999-10-22,41250.0
1999-10-29,39985.0
1999-11-05,40403.0
1999-11-12,41801.0
1999-11-19,40865.0
1999-11-26,43154.0
1999-12-03,44612.0
1999-12-10,44099.0
1999-12-17,44977.0
1999-12-24,42226.0
1999-12-31,41806.0
2000-01-07,43456.0
2000-01-14,42555.0
2000-01-21,40994.0
2000-01-28,40660.0
2000-02-04,37681.0
2000-02-11,37040.0
2000-02-18,37283.0
2000-02-25,38479.0
2000-03-03,37354.0
2000-03-10,38415.0
2000-03-17,37528.0
2000-03-24,37988.0
2000-03-31,39659.0
2000-04-07,38117.0
2000-04-14,36681.0
2000-04-21,35933.0
2000-04-28,38044.0
2000-05-05,36974.0
2000-05-12,36236.0
2000-05-19,35893.0
2000-05-26,37338.0
2000-06-02,40495.0
2000-06-09,40299.0
2000-06-16,39593.0
2000-06-23,40744.0
2000-06-30,38794.0
2000-07-07,41656.0
2000-07-14,42693.0
2000-07-21,41345.0
2000-07-28,41100.0
2000-08-04,42616.0
2000-08-11,41982.0
2000-08-18,41706.0
2000-08-25,41497.0
2000-09-01,40952.0
2000-09-08,42095.0
2000-09-15,41624.0
2000-09-22,41861.0
2000-09-29,41085.0
2000-10-06,39583.0
2000-10-13,38146.0
2000-10-20,39592.0
2000-10-27,39588.0
2000-11-03,39478.0
2000-11-10,39248.0
2000-11-17,39931.0
2000-11-24,39903.0
2000-12-01,41417.0
2000-12-08,39008.0
2000-12-15,37925.0
2000-12-22,38014.0
2000-12-29,38888.0
2001-01-05,39177.0
2001-01-12,38372.0
2001-01-19,40466.0
2001-01-26,38552.0
2001-02-02,40442.0
2001-02-09,40809.0
2001-02-16,41416.0
2001-02-23,41358.0
2001-03-02,42003.0
2001-03-09,40717.0
2001-03-16,40322.0
2001-03-23,39034.0
2001-03-30,38098.0
2001-04-06,37429.0
2001-04-13,38235.0
2001-04-20,37251.0
2001-04-27,37814.0
2001-05-04,37298.0
2001-05-11,36698.0
2001-05-18,37922.0
2001-05-25,37082.0
2001-06-01,39176.0
2001-06-08,39141.0
2001-06-15,38909.0
2001-06-22,39491.0
2001-06-29,38190.0
2001-07-06,39186.0
2001-07-13,40997.0
2001-07-20,39562.0
2001-07-27,40664.0
2001-08-03,39690.0
2001-08-10,38739.0
2001-08-17,38279.0
2001-08-24,38222.0
2001-08-31,37994.0
2001-09-07,39467.0
2001-09-14,40145.0
2001-09-21,37817.0
2001-09-28,38759.0
2001-10-05,38746.0
2001-10-12,38550.0
2001-10-19,40126.0
2001-10-26,38042.0
2001-11-02,38183.0
2001-11-09,37813.0
2001-11-16,38323.0
2001-11-23,40855.0
2001-11-30,42531.0
2001-12-07,41754.0
2001-12-14,42930.0
2001-12-21,41632.0
2001-12-28,44150.0
2002-01-04,48038.0
2002-01-11,47696.0
2002-01-18,46351.0
2002-01-25,44808.0
2002-02-01,45736.0
2002-02-08,46800.0
2002-02-15,47162.0
2002-02-22,45842.0
2002-03-01,46718.0
2002-03-08,46143.0
2002-03-15,44417.0
2002-03-22,44453.0
2002-03-29,43973.0
2002-04-05,43499.0
2002-04-12,41966.0
2002-04-19,42949.0
2002-04-26,42532.0
2002-05-03,42414.0
2002-05-10,43218.0
2002-05-17,42608.0
2002-05-24,41584.0
2002-05-31,43252.0
2002-06-07,45064.0
2002-06-14,44547.0
2002-06-21,44398.0
2002-06-28,43744.0
2002-07-05,44964.0
2002-07-12,44986.0
2002-07-19,44735.0
2002-07-26,44171.0
2002-08-02,43088.0
2002-08-09,42127.0
2002-08-16,42390.0
2002-08-23,40496.0
2002-08-30,42106.0
2002-09-06,43610.0
2002-09-13,42390.0
2002-09-20,43516.0
2002-09-27,42053.0
2002-10-04,39805.0
2002-10-11,39803.0
2002-10-18,37172.0
2002-10-25,38162.0
2002-11-01,37497.0
2002-11-08,36353.0
2002-11-15,37786.0
2002-11-22,37922.0
2002-11-29,38984.0
2002-12-06,39502.0
2002-12-13,39121.0
2002-12-20,41437.0
2002-12-27,41470.0
2003-01-03,42455.0
2003-01-10,45722.0
2003-01-17,45359.0
2003-01-24,44121.0
2003-01-31,40825.0
2003-02-07,39111.0
2003-02-14,38732.0
2003-02-21,37423.0
2003-02-28,37303.0
2003-03-07,35714.0
2003-03-14,34976.0
2003-03-21,37736.0
2003-03-28,37151.0
2003-04-04,35535.0
2003-04-11,37342.0
2003-04-18,37682.0
2003-04-25,38012.0
2003-05-02,39435.0
2003-05-09,40160.0
2003-05-16,41794.0
2003-05-23,39672.0
2003-05-30,42946.0
2003-06-06,41394.0
2003-06-13,43940.0
2003-06-20,42891.0
2003-06-27,42503.0
2003-07-04,40599.0
2003-07-11,43841.0
2003-07-18,43635.0
2003-07-25,43921.0
2003-08-01,43610.0
2003-08-08,42949.0
2003-08-15,41627.0
2003-08-22,41984.0
2003-08-29,43351.0
2003-09-05,43997.0
2003-09-12,44702.0
2003-09-19,44859.0
2003-09-26,42502.0
2003-10-03,42458.0
2003-10-10,42294.0
2003-10-17,42878.0
2003-10-24,43269.0
2003-10-31,43142.0
2003-11-07,41492.0
2003-11-14,42148.0
2003-11-21,42834.0
2003-11-28,45243.0
2003-12-05,44236.0
2003-12-12,45922.0
2003-12-19,45144.0
2003-12-26,44831.0
2004-01-02,47173.0
2004-01-09,48472.0
2004-01-16,48641.0
2004-01-23,45595.0
2004-01-30,44839.0
2004-02-06,43665.0
2004-02-13,41881.0
2004-02-20,41906.0
2004-02-27,40323.0
2004-03-05,40636.0
2004-03-12,37460.0
2004-03-19,38771.0
2004-03-26,38757.0
2004-04-02,36165.0
2004-04-09,35370.0
2004-04-16,36696.0
2004-04-23,37170.0
2004-04-30,38929.0
2004-05-07,38737.0
2004-05-14,38503.0
2004-05-21,38101.0
2004-05-28,38353.0
2004-06-04,39095.0
2004-06-11,39880.0
2004-06-18,39094.0
2004-06-25,40520.0
2004-07-02,40608.0
2004-07-09,42599.0
2004-07-16,42242.0
2004-07-23,43114.0
2004-07-30,41584.0
2004-08-06,41886.0
2004-08-13,42997.0
2004-08-20,42764.0
2004-08-27,42679.0
2004-09-03,44857.0
2004-09-10,44603.0
2004-09-17,43961.0
2004-09-24,43931.0
2004-10-01,42291.0
2004-10-08,41203.0
2004-10-15,38504.0
2004-10-22,37022.0
2004-10-29,37661.0
2004-11-05,36192.0
2004-11-12,35368.0
2004-11-19,36581.0
2004-11-26,36796.0
2004-12-03,36391.0
2004-12-10,37118.0
2004-12-17,38436.0
2004-12-24,38052.0
2004-12-31,39608.0
2005-01-07,41463.0
2005-01-14,42583.0
2005-01-21,43323.0
2005-01-28,43407.0
2005-02-04,42009.0
2005-02-11,41786.0
2005-02-18,42358.0
2005-02-25,39405.0
2005-03-04,40258.0
2005-03-11,38952.0
2005-03-18,39001.0
2005-03-25,39293.0
2005-04-01,39040.0
2005-04-08,38348.0
2005-04-15,38230.0
2005-04-22,37282.0
2005-04-29,37884.0
2005-05-06,38780.0
2005-05-13,38601.0
2005-05-20,38206.0
2005-05-27,38052.0
2005-06-03,38075.0
2005-06-10,39704.0
2005-06-17,39365.0
2005-06-24,39853.0
2005-07-01,40639.0
2005-07-08,41347.0
2005-07-15,43305.0
2005-07-22,42602.0
2005-07-29,45485.0
2005-08-05,42841.0
2005-08-12,42812.0
2005-08-19,43408.0
2005-08-26,43858.0
2005-09-02,39226.0
2005-09-09,40237.0
2005-09-16,41442.0
2005-09-23,39461.0
2005-09-30,38296.0
2005-10-07,37589.0
2005-10-14,35595.0
2005-10-21,34156.0
2005-10-28,34365.0
2005-11-04,34570.0
2005-11-11,34178.0
2005-11-18,35879.0
2005-11-25,36915.0
2005-12-02,38383.0
2005-12-09,37223.0
2005-12-16,38463.0
2005-12-23,37656.0
2005-12-30,39541.0
2006-01-06,42809.0
2006-01-13,41327.0
2006-01-20,41959.0
2006-01-27,42340.0
2006-02-03,41999.0
2006-02-10,43044.0
2006-02-17,41602.0
2006-02-24,42284.0
2006-03-03,42325.0
2006-03-10,42939.0
2006-03-17,42368.0
2006-03-24,41941.0
2006-03-31,41010.0
2006-04-07,40062.0
2006-04-14,38280.0
2006-04-21,37066.0
2006-04-28,37514.0
2006-05-05,36965.0
2006-05-12,35737.0
2006-05-19,37012.0
2006-05-26,36918.0
2006-06-02,37454.0
2006-06-09,37487.0
2006-06-16,37043.0
2006-06-23,38460.0
2006-06-30,36741.0
2006-07-07,38498.0
2006-07-14,38488.0
2006-07-21,37105.0
2006-07-28,37524.0
2006-08-04,36605.0
2006-08-11,37276.0
2006-08-18,37508.0
2006-08-25,37304.0
2006-09-01,38790.0
2006-09-08,40476.0
2006-09-15,42516.0
2006-09-22,43514.0
2006-09-29,46096.0
2006-10-06,44609.0
2006-10-13,41487.0
2006-10-20,40319.0
2006-10-27,39360.0
2006-11-03,38279.0
2006-11-10,36427.0
2006-11-17,37463.0
2006-11-24,36814.0
2006-12-01,37773.0
2006-12-08,38434.0
2006-12-15,37970.0
2006-12-22,38218.0
2006-12-29,38472.0
2007-01-05,41073.0
2007-01-12,40905.0
2007-01-19,41641.0
2007-01-26,42627.0
2007-02-02,41541.0
2007-02-09,42771.0
2007-02-16,42341.0
2007-02-23,40298.0
2007-03-02,39528.0
2007-03-09,41287.0
2007-03-16,38959.0
2007-03-23,38434.0
2007-03-30,40249.0
2007-04-06,40709.0
2007-04-13,39978.0
2007-04-20,41234.0
2007-04-27,40744.0
2007-05-04,40185.0
2007-05-11,39837.0
2007-05-18,40312.0
2007-05-25,40431.0
2007-06-01,41620.0
2007-06-08,43103.0
2007-06-15,42120.0
2007-06-22,42058.0
2007-06-29,42998.0
2007-07-06,42159.0
2007-07-13,41574.0
2007-07-20,40259.0
2007-07-27,41485.0
2007-08-03,41764.0
2007-08-10,41157.0
2007-08-17,39517.0
2007-08-24,39334.0
2007-08-31,40944.0
2007-09-07,40871.0
2007-09-14,41047.0
2007-09-21,42702.0
2007-09-28,41907.0
2007-10-05,42472.0
2007-10-12,42304.0
2007-10-19,39900.0
2007-10-26,41491.0
2007-11-02,41766.0
2007-11-09,40091.0
2007-11-16,38899.0
2007-11-23,39324.0
2007-11-30,40140.0
2007-12-07,40327.0
2007-12-14,39673.0
2007-12-21,41320.0
2007-12-28,42193.0
2008-01-04,42334.0
2008-01-11,42902.0
2008-01-18,42421.0
2008-01-25,41928.0
2008-02-01,43687.0
2008-02-08,42506.0
2008-02-15,41507.0
2008-02-22,41782.0
2008-02-29,43939.0
2008-03-07,42567.0
2008-03-14,42266.0
2008-03-21,40611.0
2008-03-28,41441.0
2008-04-04,40002.0
2008-04-11,39166.0
2008-04-18,38845.0
2008-04-25,39537.0
2008-05-02,38425.0
2008-05-09,40381.0
2008-05-16,40132.0
2008-05-23,39428.0
2008-05-30,40876.0
2008-06-06,41663.0
2008-06-13,43090.0
2008-06-20,42897.0
2008-06-27,42935.0
2008-07-04,43324.0
2008-07-11,42946.0
2008-07-18,43833.0
2008-07-25,43391.0
2008-08-01,43311.0
2008-08-08,43566.0
2008-08-15,42490.0
2008-08-22,42831.0
2008-08-29,42338.0
2008-09-05,42103.0
2008-09-12,40623.0
2008-09-19,38795.0
2008-09-26,36933.0
2008-10-03,37453.0
2008-10-10,38855.0
2008-10-17,38454.0
2008-10-24,39065.0
2008-10-31,39646.0
2008-11-07,38973.0
2008-11-14,37709.0
2008-11-21,37758.0
2008-11-28,37836.0
2008-12-05,38826.0
2008-12-12,40763.0
2008-12-19,41360.0
2008-12-26,42538.0
2009-01-02,45268.0
2009-01-09,49521.0
2009-01-16,49174.0
2009-01-23,49975.0
2009-01-30,49966.0
2009-02-06,49563.0
2009-02-13,50260.0
2009-02-20,50487.0
2009-02-27,50584.0
2009-03-06,51736.0
2009-03-13,49775.0
2009-03-20,49024.0
2009-03-27,48117.0
2009-04-03,46904.0
2009-04-10,48205.0
2009-04-17,49196.0
2009-04-24,47368.0
2009-05-01,48358.0
2009-05-08,47680.0
2009-05-15,47709.0
2009-05-22,46190.0
2009-05-29,46410.0
2009-06-05,47571.0
2009-06-12,45892.0
2009-06-19,47378.0
2009-06-26,47253.0
2009-07-03,47597.0
2009-07-10,48844.0
2009-07-17,49585.0
2009-07-24,49498.0
2009-07-31,49199.0
2009-08-07,48476.0
2009-08-14,47662.0
2009-08-21,47269.0
2009-08-28,46990.0
2009-09-04,48152.0
2009-09-11,48923.0
2009-09-18,47968.0
2009-09-25,49070.0
2009-10-02,49161.0
2009-10-09,48183.0
2009-10-16,47641.0
2009-10-23,45868.0
2009-10-30,46871.0
2009-11-06,44865.0
2009-11-13,43387.0
2009-11-20,43156.0
2009-11-27,44074.0
2009-12-04,45308.0
2009-12-11,44868.0
2009-12-18,44122.0
2009-12-25,43970.0
2010-01-01,46045.0
2010-01-08,48845.0
2010-01-15,47520.0
2010-01-22,47415.0
2010-01-29,46750.0
2010-02-05,46929.0
2010-02-12,44922.0
2010-02-19,45558.0
2010-02-26,45449.0
2010-03-05,43404.0
2010-03-12,43263.0
2010-03-19,42092.0
2010-03-26,41105.0
2010-04-02,40935.0
2010-04-09,42368.0
2010-04-16,41860.0
2010-04-23,41419.0
2010-04-30,41899.0
2010-05-07,42378.0
2010-05-14,42089.0
2010-05-21,42762.0
2010-05-28,42527.0
2010-06-04,42729.0
2010-06-11,44381.0
2010-06-18,42911.0
2010-06-25,42052.0
2010-07-02,44186.0
2010-07-09,44681.0
2010-07-16,46987.0
2010-07-23,46366.0
2010-07-30,46957.0
2010-08-06,47625.0
2010-08-13,47470.0
2010-08-20,48887.0
2010-08-27,48285.0
2010-09-03,47963.0
2010-09-10,49625.0
2010-09-17,49286.0
2010-09-24,47770.0
2010-10-01,48575.0
2010-10-08,45904.0
2010-10-15,45156.0
2010-10-22,43969.0
2010-10-29,43181.0
2010-11-05,42204.0
2010-11-12,40303.0
2010-11-19,40849.0
2010-11-26,40679.0
2010-12-03,42691.0
2010-12-10,43030.0
2010-12-17,42732.0
2010-12-24,43175.0
2010-12-31,45008.0
2011-01-07,45418.0
2011-01-14,45395.0
2011-01-21,45933.0
2011-01-28,47836.0
2011-02-04,48358.0
2011-02-11,48630.0
2011-02-18,48754.0
2011-02-25,48934.0
2011-03-04,48348.0
2011-03-11,46897.0
2011-03-18,45185.0
2011-03-25,45568.0
2011-04-01,44683.0
2011-04-08,43725.0
2011-04-15,44393.0
2011-04-22,45161.0
2011-04-29,43414.0
2011-05-06,42989.0
2011-05-13,41508.0
2011-05-20,40059.0
2011-05-27,39435.0
2011-06-03,40139.0
2011-06-10,39601.0
2011-06-17,41105.0
2011-06-24,40988.0
2011-07-01,40633.0
2011-07-08,41235.0
2011-07-15,42842.0
2011-07-22,43871.0
2011-07-29,44832.0
2011-08-05,43555.0
2011-08-12,42894.0
2011-08-19,42353.0
2011-08-26,41326.0
2011-09-02,41765.0
2011-09-09,42364.0
2011-09-16,42151.0
2011-09-23,43235.0
2011-09-30,43383.0
2011-10-07,41124.0
2011-10-14,39741.0
2011-10-21,39257.0
2011-10-28,37407.0
2011-11-04,36470.0
2011-11-11,35808.0
2011-11-18,35447.0
2011-11-25,37873.0
2011-12-02,41742.0
2011-12-09,40231.0
2011-12-16,39041.0
2011-12-23,40106.0
2011-12-30,42558.0
2012-01-06,42984.0
2012-01-13,47156.0
2012-01-20,46256.0
2012-01-27,47097.0
2012-02-03,46760.0
2012-02-10,46052.0
2012-02-17,46476.0
2012-02-24,46630.0
2012-03-02,47295.0
2012-03-09,45976.0
2012-03-16,45091.0
2012-03-23,45795.0
2012-03-30,44405.0
2012-04-06,43848.0
2012-04-13,43967.0
2012-04-20,42961.0
2012-04-27,42925.0
2012-05-04,42123.0
2012-05-11,41441.0
2012-05-18,39510.0
2012-05-25,39943.0
2012-06-01,40820.0
2012-06-08,39986.0
2012-06-15,39821.0
2012-06-22,39101.0
2012-06-29,38863.0
2012-07-06,37782.0
2012-07-13,38505.0
2012-07-20,39623.0
2012-07-27,38270.0
2012-08-03,38948.0
2012-08-10,40083.0
2012-08-17,38482.0
2012-08-24,40857.0
2012-08-31,42156.0
2012-09-07,42799.0
2012-09-14,42918.0
2012-09-21,41366.0
2012-09-28,39827.0
2012-10-05,38781.0
2012-10-12,38730.0
2012-10-19,38065.0
2012-10-26,37497.0
2012-11-02,39290.0
2012-11-09,35443.0
2012-11-16,33455.0
2012-11-23,33265.0
2012-11-30,35453.0
2012-12-07,34096.0
2012-12-14,35361.0
2012-12-21,37196.0
2012-12-28,39666.0
2013-01-04,43407.0
2013-01-11,42821.0
2013-01-18,43859.0
2013-01-25,42149.0
2013-02-01,41668.0
2013-02-08,40606.0
2013-02-15,40360.0
2013-02-22,41280.0
2013-03-01,41401.0
2013-03-08,43737.0
2013-03-15,42350.0
2013-03-22,41294.0
2013-03-29,39528.0
2013-04-05,40423.0
2013-04-12,40939.0
2013-04-19,40270.0
2013-04-26,40607.0
2013-05-03,41243.0
2013-05-10,41229.0
2013-05-17,41436.0
2013-05-24,40488.0
2013-05-31,42222.0
2013-06-07,39631.0
2013-06-14,41434.0
2013-06-21,40321.0
2013-06-28,38895.0
2013-07-05,41011.0
2013-07-12,40951.0
2013-07-19,41660.0
2013-07-26,41699.0
2013-08-02,41936.0
2013-08-09,42145.0
2013-08-16,41770.0
2013-08-23,41089.0
2013-08-30,42738.0
2013-09-06,42831.0
2013-09-13,42905.0
2013-09-20,43051.0
2013-09-27,42798.0
2013-10-04,41105.0
2013-10-11,39479.0
2013-10-18,40506.0
2013-10-25,39141.0
2013-11-01,37834.0
2013-11-08,36523.0
2013-11-15,35861.0
2013-11-22,34273.0
2013-11-29,35662.0
2013-12-06,37605.0
2013-12-13,37191.0
2013-12-20,36008.0
2013-12-27,38686.0
2014-01-03,42234.0
2014-01-10,41656.0
2014-01-17,39122.0
2014-01-24,36736.0
2014-01-31,36822.0
2014-02-07,36847.0
2014-02-14,36560.0
2014-02-21,37580.0
2014-02-28,39011.0
2014-03-07,39135.0
2014-03-14,39170.0
2014-03-21,40215.0
2014-03-28,39757.0
2014-04-04,38356.0
2014-04-11,38167.0
2014-04-18,37802.0
2014-04-25,40002.0
2014-05-02,40198.0
2014-05-09,39631.0
2014-05-16,40742.0
2014-05-23,40982.0
2014-05-30,42376.0
2014-06-06,43353.0
2014-06-13,43410.0
2014-06-20,42964.0
2014-06-27,43000.0
2014-07-04,43063.0
2014-07-11,45544.0
2014-07-18,43322.0
2014-07-25,44175.0
2014-08-01,44027.0
2014-08-08,42246.0
2014-08-15,42340.0
2014-08-22,41405.0
2014-08-29,41721.0
2014-09-05,43959.0
2014-09-12,44460.0
2014-09-19,43299.0
2014-09-26,42694.0
2014-10-03,42959.0
2014-10-10,43052.0
2014-10-17,40524.0
2014-10-24,39513.0
2014-10-31,36830.0
2014-11-07,34429.0
2014-11-14,33012.0
2014-11-21,32604.0
2014-11-28,33902.0
2014-12-05,35732.0
2014-12-12,35592.0
2014-12-19,37111.0
2014-12-26,39451.0
2015-01-02,45869.0
2015-01-09,47030.0
2015-01-16,44357.0
2015-01-23,43272.0
2015-01-30,43933.0
2015-02-06,42851.0
2015-02-13,42817.0
2015-02-20,43000.0
2015-02-27,43074.0
2015-03-06,42349.0
2015-03-13,42698.0
2015-03-20,42200.0
2015-03-27,43010.0
2015-04-03,43991.0
2015-04-10,44786.0
2015-04-17,43487.0
2015-04-24,45267.0
2015-05-01,45684.0
2015-05-08,44435.0
2015-05-15,45569.0
2015-05-22,44779.0
2015-05-29,45437.0
2015-06-05,45486.0
2015-06-12,44653.0
2015-06-19,45237.0
2015-06-26,44915.0
2015-07-03,44612.0
2015-07-10,45027.0
2015-07-17,44373.0
2015-07-24,45655.0
2015-07-31,44682.0
2015-08-07,45476.0
2015-08-14,46217.0
2015-08-21,43904.0
2015-08-28,44985.0
2015-09-04,44639.0
2015-09-11,45906.0
2015-09-18,46722.0
2015-09-25,46295.0
2015-10-02,44791.0
2015-10-09,43846.0
2015-10-16,40446.0
2015-10-23,40475.0
2015-10-30,38623.0
2015-11-06,39744.0
2015-11-13,38251.0
2015-11-20,39280.0
2015-11-27,40087.0
2015-12-04,41723.0
2015-12-11,44312.0
2015-12-18,42015.0
2015-12-25,41869.0
2016-01-01,43842.0
2016-01-08,46812.0
2016-01-15,46511.0
2016-01-22,45819.0
2016-01-29,45947.0
2016-02-05,46149.0
2016-02-12,46143.0
2016-02-19,46296.0
2016-02-26,48268.0
2016-03-04,48692.0
2016-03-11,47977.0
2016-03-18,46732.0
2016-03-25,47384.0
2016-04-01,47607.0
2016-04-08,51078.0
2016-04-15,49216.0
2016-04-22,48099.0
2016-04-29,48196.0
2016-05-06,45751.0
2016-05-13,45765.0
2016-05-20,46253.0
2016-05-27,44008.0
2016-06-03,45615.0
2016-06-10,44892.0
2016-06-17,43583.0
2016-06-24,44140.0
2016-07-01,42229.0
2016-07-08,43632.0
2016-07-15,45680.0
2016-07-22,42905.0
2016-07-29,43583.0
2016-08-05,43362.0
2016-08-12,42929.0
2016-08-19,42790.0
2016-08-26,43963.0
2016-09-02,44905.0
2016-09-09,48426.0
2016-09-16,48055.0
2016-09-23,46651.0
2016-09-30,46117.0
2016-10-07,47017.0
2016-10-14,44892.0
2016-10-21,45526.0
2016-10-28,45291.0
2016-11-04,42907.0
2016-11-11,43000.0
2016-11-18,43293.0
2016-11-25,42707.0
2016-12-02,43760.0
2016-12-09,43658.0
2016-12-16,42375.0
2016-12-23,43208.0
2016-12-30,46362.0
2017-01-06,46533.0
2017-01-13,46453.0
2017-01-20,47902.0
2017-01-27,46899.0
2017-02-03,48280.0
2017-02-10,48741.0
2017-02-17,48380.0
2017-02-24,48388.0
2017-03-03,48881.0
2017-03-10,45999.0
2017-03-17,46383.0
2017-03-24,47443.0
2017-03-31,45157.0
2017-04-07,46304.0
2017-04-14,46693.0
2017-04-21,46702.0
2017-04-28,47846.0
2017-05-05,46205.0
2017-05-12,45892.0
2017-05-19,44676.0
2017-05-26,45430.0
2017-06-02,46385.0
2017-06-09,45419.0
2017-06-16,46086.0
2017-06-23,44376.0
2017-06-30,44569.0
2017-07-07,46620.0
2017-07-14,45293.0
2017-07-21,45508.0
2017-07-28,44415.0
2017-08-04,45966.0
2017-08-11,43681.0
2017-08-18,43416.0
2017-08-25,44275.0
2017-09-01,43392.0
2017-09-08,44026.0
2017-09-15,43085.0
2017-09-22,43148.0
2017-09-29,40417.0
2017-10-06,42169.0
2017-10-13,39840.0
2017-10-20,38791.0
2017-10-27,39089.0
2017-11-03,35317.0
2017-11-10,36365.0
2017-11-17,35988.0
2017-11-24,35859.0
2017-12-01,38272.0
2017-12-08,36199.0
2017-12-15,35599.0
2017-12-22,36882.0
2017-12-29,39719.0
2018-01-05,41347.0
2018-01-12,42456.0
2018-01-19,41965.0
2018-01-26,40994.0
2018-02-02,43742.0
2018-02-09,42898.0
2018-02-16,44252.0
2018-02-23,44201.0
2018-03-02,43810.0
2018-03-09,43623.0
2018-03-16,42268.0
2018-03-23,41764.0
2018-03-30,43999.0
2018-04-06,43689.0
2018-04-13,43106.0
2018-04-20,42908.0
2018-04-27,40836.0
2018-05-04,40714.0
2018-05-11,41493.0
2018-05-18,40148.0
2018-05-25,42453.0
2018-06-01,43314.0
2018-06-08,41905.0
2018-06-15,42887.0
2018-06-22,41528.0
2018-06-29,42483.0
2018-07-06,42878.0
2018-07-13,43612.0
2018-07-20,43030.0
2018-07-27,43444.0
2018-08-03,45265.0
2018-08-10,44096.0
2018-08-17,46361.0
2018-08-24,44535.0
2018-08-31,45820.0
2018-09-07,48768.0
2018-09-14,48998.0
2018-09-21,49278.0
2018-09-28,47498.0
2018-10-05,45229.0
2018-10-12,43244.0
2018-10-19,40850.0
2018-10-26,40121.0
2018-11-02,38755.0
2018-11-09,36747.0
2018-11-16,36480.0
2018-11-23,38260.0
2018-11-30,40411.0
2018-12-07,40320.0
2018-12-14,39173.0
2018-12-21,38777.0
2018-12-28,42553.0
2019-01-04,47544.0
2019-01-11,47205.0
2019-01-18,46588.0
2019-01-25,47950.0
2019-02-01,46186.0
2019-02-08,44122.0
2019-02-15,46413.0
2019-02-22,44745.0
2019-03-01,44575.0
2019-03-08,45736.0
2019-03-15,44323.0
2019-03-22,44510.0
2019-03-29,46083.0
2019-04-05,45788.0
2019-04-12,45347.0
2019-04-19,44689.0
2019-04-26,44585.0
2019-05-03,45098.0
2019-05-10,44789.0
2019-05-17,46181.0
2019-05-24,43735.0
2019-05-31,47273.0
2019-06-07,45449.0
2019-06-14,44961.0
2019-06-21,45063.0
2019-06-28,43843.0
2019-07-05,46262.0
2019-07-12,47137.0
2019-07-19,46637.0
2019-07-26,45330.0
2019-08-02,44766.0
2019-08-09,46328.0
2019-08-16,46229.0
2019-08-23,46727.0
2019-08-30,44978.0
2019-09-06,45748.0
2019-09-13,46953.0
2019-09-20,42234.0
2019-09-27,43545.0
2019-10-04,42000.0
2019-10-11,40974.0
2019-10-18,40480.0
2019-10-25,37808.0
2019-11-01,39054.0
2019-11-08,38174.0
2019-11-15,35495.0
2019-11-22,34855.0
2019-11-29,36492.0
2019-12-06,37786.0
2019-12-13,38617.0
2019-12-20,37550.0
2019-12-27,42424.0
2020-01-03,43897.0
2020-01-10,47618.0
2020-01-17,47502.0
2020-01-24,46004.0
2020-01-31,46699.0
2020-02-07,46399.0
2020-02-14,46215.0
2020-02-21,43870.0
2020-02-28,45187.0
2020-03-06,44298.0
2020-03-13,43781.0
2020-03-20,41592.0
2020-03-27,40896.0
2020-04-03,42938.0
2020-04-10,44243.0
2020-04-17,45211.0
2020-04-24,46089.0
2020-05-01,49185.0
2020-05-08,50000.0
2020-05-15,50395.0
2020-05-22,50313.0
2020-05-29,53283.0
2020-06-05,52464.0
2020-06-12,50351.0
2020-06-19,48593.0
2020-06-26,47661.0
2020-07-03,48802.0
2020-07-10,48010.0
2020-07-17,48232.0
2020-07-24,48975.0
2020-07-31,50044.0
2020-08-07,50208.0
2020-08-14,49079.0
2020-08-21,48917.0
2020-08-28,48211.0
2020-09-04,48433.0
2020-09-11,49069.0
2020-09-18,47470.0
2020-09-25,47124.0
2020-10-02,46002.0
2020-10-09,45580.0
2020-10-16,42477.0
2020-10-23,42140.0
2020-10-30,42501.0
2020-11-06,39834.0
2020-11-13,37608.0
2020-11-20,36196.0
2020-11-27,37509.0
2020-12-04,38221.0
2020-12-11,38768.0
2020-12-18,36804.0
2020-12-25,40108.0
2021-01-01,42743.0
2021-01-08,44868.0
2021-01-15,44353.0
2021-01-22,43940.0
2021-01-29,44265.0
2021-02-05,43565.0
2021-02-12,43249.0
2021-02-19,42092.0
2021-02-26,40162.0
2021-03-05,38058.0
2021-03-12,37956.0
2021-03-19,39952.0
2021-03-26,42685.0
2021-04-02,42762.0
2021-04-09,42181.0
2021-04-16,41400.0
2021-04-23,40693.0
2021-04-30,38760.0
2021-05-07,40326.0
2021-05-14,37793.0
2021-05-21,37558.0
2021-05-28,39971.0
2021-06-04,43300.0
2021-06-11,43302.0
2021-06-18,43710.0
2021-06-25,43709.0
2021-07-02,44809.0
2021-07-09,48050.0
2021-07-16,47088.0
2021-07-23,46092.0
2021-07-30,47521.0
2021-08-06,45882.0
2021-08-13,45963.0
2021-08-20,46394.0
2021-08-27,46629.0
2021-09-03,43219.0
2021-09-10,44392.0
2021-09-17,41956.0
2021-09-24,42198.0
2021-10-01,42799.0
2021-10-08,43091.0
2021-10-15,44128.0
2021-10-22,41793.0
2021-10-29,42327.0
2021-11-05,41884.0
2021-11-12,40162.0
2021-11-19,39001.0
2021-11-26,39620.0
2021-12-03,40858.0
2021-12-10,39365.0
2021-12-17,38883.0
2021-12-24,38293.0
2021-12-31,42396.0
2022-01-07,44316.0
2022-01-14,44003.0
2022-01-21,43123.0
2022-01-28,44998.0
2022-02-04,43266.0
2022-02-11,42903.0
2022-02-18,43025.0
2022-02-25,41607.0
2022-03-04,41509.0
2022-03-11,40539.0
2022-03-18,39647.0
2022-03-25,40535.0
2022-04-01,41596.0
2022-04-08,40166.0
2022-04-15,37176.0
2022-04-22,38298.0
2022-04-29,36771.0
2022-05-06,35578.0
2022-05-13,36013.0
2022-05-20,35502.0
2022-05-27,34105.0
2022-06-03,38744.0
2022-06-10,38812.0
2022-06-17,38536.0
2022-06-24,40094.0
2022-07-01,36721.0
2022-07-08,38114.0
2022-07-15,37959.0
2022-07-22,37444.0
2022-07-29,37669.0
2022-08-05,36857.0
2022-08-12,37660.0
2022-08-19,39094.0
2022-08-26,38802.0
2022-09-02,39824.0
2022-09-09,39011.0
2022-09-16,39800.0
2022-09-23,38764.0
2022-09-30,38146.0
2022-10-07,36524.0
2022-10-14,35965.0
2022-10-21,33961.0
2022-10-28,35845.0
2022-11-04,34168.0
2022-11-11,34993.0
2022-11-18,36045.0
2022-11-25,37269.0
2022-12-02,39927.0
2022-12-09,39278.0
2022-12-16,40141.0
2022-12-23,40342.0
2022-12-30,41217.0
2023-01-06,41806.0
2023-01-13,40449.0
2023-01-20,39599.0
2023-01-27,38791.0
2023-02-03,41406.0
2023-02-10,43422.0
2023-02-17,42035.0
2023-02-24,41657.0
2023-03-03,42688.0
2023-03-10,41890.0
2023-03-17,40846.0
2023-03-24,41202.0
2023-03-31,39664.0
2023-04-07,39880.0
2023-04-14,38468.0
2023-04-21,37465.0
2023-04-28,37559.0
2023-05-05,36561.0
2023-05-12,35835.0
2023-05-19,34257.0
2023-05-26,36124.0
2023-06-02,38239.0
2023-06-09,37195.0
2023-06-16,38689.0
2023-06-23,38286.0
2023-06-30,40246.0
2023-07-07,43095.0
2023-07-14,41322.0
2023-07-21,41947.0
2023-07-28,43337.0
2023-08-04,41352.0
2023-08-11,42558.0
2023-08-18,42274.0
2023-08-25,42964.0
2023-09-01,43341.0
2023-09-08,44087.0
2023-09-15,43548.0
2023-09-22,42193.0
2023-09-29,42397.0
2023-10-06,41061.0
2023-10-13,38675.0
2023-10-20,37998.0
2023-10-27,37348.0
2023-11-03,36891.0
2023-11-10,35494.0
2023-11-17,34086.0
2023-11-24,37091.0
2023-12-01,38171.0
2023-12-08,38668.0
2023-12-15,38613.0
2023-12-22,39741.0
2023-12-29,43295.0
2024-01-05,45830.0
2024-01-12,47651.0
2024-01-19,47435.0
2024-01-26,46984.0
2024-02-02,46568.0
2024-02-09,46037.0
2024-02-16,43893.0
2024-02-23,43416.0
2024-03-01,42847.0
2024-03-08,41098.0
2024-03-15,41930.0
2024-03-22,42292.0
2024-03-29,42663.0
2024-04-05,43031.0
2024-04-12,41832.0
2024-04-19,41419.0
2024-04-26,40250.0
2024-05-03,39622.0
2024-05-10,42186.0
2024-05-17,41486.0
2024-05-24,43723.0
2024-05-31,45782.0
2024-06-07,43762.0
2024-06-14,43276.0
2024-06-21,42891.0
2024-06-28,42931.0
2024-07-05,43786.0
2024-07-12,44961.0
2024-07-19,44205.0
2024-07-26,45303.0
2024-08-02,43416.0
2024-08-09,43280.0
2024-08-16,43242.0
2024-08-23,42599.0
2024-08-30,43114.0
2024-09-06,44744.0
2024-09-13,42964.0
2024-09-20,43574.0
2024-09-27,42454.0
2024-10-04,41014.0
2024-10-11,37914.0
2024-10-18,37712.0
2024-10-25,37007.0
2024-11-01,35875.0
2024-11-08,36660.0
2024-11-15,35940.0
2024-11-22,36967.0
2024-11-29,39309.0
2024-12-06,40247.0
2024-12-13,40025.0
2024-12-20,38081.0
2024-12-27,43258.0
2025-01-03,45644.0
2025-01-10,46278.0
2025-01-17,47280.0
2025-01-24,46056.0
2025-01-31,44626.0
2025-02-07,44131.0
2025-02-14,44611.0
2025-02-21,45551.0
2025-02-28,44837.0
