Date,Weekly Central Atlantic (PADD 1B) Ending Stocks of Distillate Fuel Oil  (Thousand Barrels)
1982-08-20,
1982-08-27,
1982-09-24,
1982-10-01,
1982-10-08,
1982-10-15,
1982-10-22,
1982-10-29,
1982-11-05,
1982-11-12,
1982-11-19,
1982-11-26,
1982-12-03,
1982-12-10,
1982-12-17,
1982-12-24,
1982-12-31,
1983-01-07,
1983-01-14,
1983-01-21,
1983-01-28,
1983-02-04,
1983-02-11,
1983-02-18,
1983-02-25,
1983-03-04,
1983-03-11,
1983-03-18,
1983-03-25,
1983-04-01,
1983-04-08,
1983-04-15,
1983-04-29,
1983-05-13,
1983-05-20,
1983-06-03,
1983-06-10,
1983-06-17,
1983-06-24,
1983-07-01,
1983-07-08,
1983-07-15,
1983-07-22,
1983-07-29,
1983-08-05,
1983-08-12,
1983-08-19,
1983-08-26,
1983-09-02,
1983-09-09,
1983-09-16,
1983-09-23,
1983-09-30,
1983-10-07,
1983-10-14,
1983-10-21,
1983-10-28,
1983-11-04,
1983-11-11,
1983-11-18,
1983-11-25,
1983-12-02,
1983-12-09,
1983-12-16,
1983-12-23,
1983-12-30,
1984-01-06,
1984-01-13,
1984-01-20,
1984-01-27,
1984-02-03,
1984-02-10,
1984-02-17,
1984-02-24,
1984-03-02,
1984-03-09,
1984-03-16,
1984-03-23,
1984-03-30,
1984-04-06,
1984-04-13,
1984-04-20,
1984-04-27,
1984-05-04,
1984-05-11,
1984-05-18,
1984-05-25,
1984-06-01,
1984-06-08,
1984-06-15,
1984-06-22,
1984-06-29,
1984-07-06,
1984-07-13,
1984-07-20,
1984-07-27,
1984-08-03,
1984-08-10,
1984-08-17,
1984-08-24,
1984-08-31,
1984-09-07,
1984-09-14,
1984-09-21,
1984-09-28,
1984-10-05,
1984-10-12,
1984-10-19,
1984-10-26,
1984-11-02,
1984-11-09,
1984-11-16,
1984-11-23,
1984-11-30,
1984-12-07,
1984-12-14,
1984-12-21,
1984-12-28,
1985-01-04,
1985-01-11,
1985-01-18,
1985-01-25,
1985-02-01,
1985-02-08,
1985-02-15,
1985-02-22,
1985-03-01,
1985-03-08,
1985-03-15,
1985-03-22,
1985-03-29,
1985-04-05,
1985-04-12,
1985-04-19,
1985-04-26,
1985-05-03,
1985-05-10,
1985-05-17,
1985-05-24,
1985-05-31,
1985-06-07,
1985-06-14,
1985-06-21,
1985-06-28,
1985-07-05,
1985-07-12,
1985-07-19,
1985-07-26,
1985-08-02,
1985-08-09,
1985-08-16,
1985-08-23,
1985-08-30,
1985-09-06,
1985-09-13,
1985-09-20,
1985-09-27,
1985-10-04,
1985-10-11,
1985-10-18,
1985-10-25,
1985-11-01,
1985-11-08,
1985-11-15,
1985-11-22,
1985-11-29,
1985-12-06,
1985-12-13,
1985-12-20,
1985-12-27,
1986-01-03,
1986-01-10,
1986-01-17,
1986-01-24,
1986-01-31,
1986-02-07,
1986-02-14,
1986-02-21,
1986-02-28,
1986-03-07,
1986-03-14,
1986-03-21,
1986-03-28,
1986-04-04,
1986-04-11,
1986-04-18,
1986-04-25,
1986-05-02,
1986-05-09,
1986-05-16,
1986-05-23,
1986-05-30,
1986-06-06,
1986-06-13,
1986-06-20,
1986-06-27,
1986-07-04,
1986-07-11,
1986-07-18,
1986-07-25,
1986-08-01,
1986-08-08,
1986-08-15,
1986-08-22,
1986-08-29,
1986-09-05,
1986-09-12,
1986-09-19,
1986-09-26,
1986-10-03,
1986-10-10,
1986-10-17,
1986-10-24,
1986-10-31,
1986-11-07,
1986-11-14,
1986-11-21,
1986-11-28,
1986-12-05,
1986-12-12,
1986-12-19,
1986-12-26,
1987-01-02,
1987-01-09,
1987-01-16,
1987-01-23,
1987-01-30,
1987-02-06,
1987-02-13,
1987-02-20,
1987-02-27,
1987-03-06,
1987-03-13,
1987-03-20,
1987-03-27,
1987-04-03,
1987-04-10,
1987-04-17,
1987-04-24,
1987-05-01,
1987-05-08,
1987-05-15,
1987-05-22,
1987-05-29,
1987-06-05,
1987-06-12,
1987-06-19,
1987-06-26,
1987-07-03,
1987-07-10,
1987-07-17,
1987-07-24,
1987-07-31,
1987-08-07,
1987-08-14,
1987-08-21,
1987-08-28,
1987-09-04,
1987-09-11,
1987-09-18,
1987-09-25,
1987-10-02,
1987-10-09,
1987-10-16,
1987-10-23,
1987-10-30,
1987-11-06,
1987-11-13,
1987-11-20,
1987-11-27,
1987-12-04,
1987-12-11,
1987-12-18,
1987-12-25,
1988-01-01,
1988-01-08,
1988-01-15,
1988-01-22,
1988-01-29,
1988-02-05,
1988-02-12,
1988-02-19,
1988-02-26,
1988-03-04,
1988-03-11,
1988-03-18,
1988-03-25,
1988-04-01,
1988-04-08,
1988-04-15,
1988-04-22,
1988-04-29,
1988-05-06,
1988-05-13,
1988-05-20,
1988-05-27,
1988-06-03,
1988-06-10,
1988-06-17,
1988-06-24,
1988-07-01,
1988-07-08,
1988-07-15,
1988-07-22,
1988-07-29,
1988-08-05,
1988-08-12,
1988-08-19,
1988-08-26,
1988-09-02,
1988-09-09,
1988-09-16,
1988-09-23,
1988-09-30,
1988-10-07,
1988-10-14,
1988-10-21,
1988-10-28,
1988-11-04,
1988-11-11,
1988-11-18,
1988-11-25,
1988-12-02,
1988-12-09,
1988-12-16,
1988-12-23,
1988-12-30,
1989-01-06,
1989-01-13,
1989-01-20,
1989-01-27,
1989-02-03,
1989-02-10,
1989-02-17,
1989-02-24,
1989-03-03,
1989-03-10,
1989-03-17,
1989-03-24,
1989-03-31,
1989-04-07,
1989-04-14,
1989-04-21,
1989-04-28,
1989-05-05,
1989-05-12,
1989-05-19,
1989-05-26,
1989-06-02,
1989-06-09,
1989-06-16,
1989-06-23,
1989-06-30,
1989-07-07,
1989-07-14,
1989-07-21,
1989-07-28,
1989-08-04,
1989-08-11,
1989-08-18,
1989-08-25,
1989-09-01,
1989-09-08,
1989-09-15,
1989-09-22,
1989-09-29,
1989-10-06,
1989-10-13,
1989-10-20,
1989-10-27,
1989-11-03,
1989-11-10,
1989-11-17,
1989-11-24,
1989-12-01,
1989-12-08,
1989-12-15,
1989-12-22,
1989-12-29,
1990-01-05,
1990-01-12,
1990-01-19,
1990-01-26,
1990-02-02,
1990-02-09,
1990-02-16,
1990-02-23,
1990-03-02,
1990-03-09,
1990-03-16,
1990-03-23,
1990-03-30,
1990-04-06,
1990-04-13,
1990-04-20,
1990-04-27,
1990-05-04,
1990-05-11,
1990-05-18,
1990-05-25,
1990-06-01,
1990-06-08,
1990-06-15,
1990-06-22,
1990-06-29,
1990-07-06,
1990-07-13,
1990-07-20,
1990-07-27,
1990-08-03,
1990-08-10,
1990-08-17,
1990-08-24,
1990-08-31,
1990-09-07,
1990-09-14,
1990-09-21,
1990-09-28,
1990-10-05,
1990-10-12,
1990-10-19,
1990-10-26,
1990-11-02,
1990-11-09,41000.0
1990-11-16,40800.0
1990-11-23,38500.0
1990-11-30,36200.0
1990-12-07,34900.0
1990-12-14,32200.0
1990-12-21,31500.0
1990-12-28,31500.0
1991-01-04,29800.0
1991-01-11,28200.0
1991-01-18,25700.0
1991-01-25,24100.0
1991-02-01,21100.0
1991-02-08,19600.0
1991-02-15,18600.0
1991-02-22,18300.0
1991-03-01,17600.0
1991-03-08,16200.0
1991-03-15,15000.0
1991-03-22,15500.0
1991-03-29,14700.0
1991-04-05,15200.0
1991-04-12,15500.0
1991-04-19,16100.0
1991-04-26,17300.0
1991-05-03,
1991-05-10,18200.0
1991-05-17,18200.0
1991-05-24,19400.0
1991-05-31,20500.0
1991-06-07,21200.0
1991-06-14,23000.0
1991-06-21,24800.0
1991-06-28,26100.0
1991-07-05,26600.0
1991-07-12,28900.0
1991-07-19,29700.0
1991-07-26,30500.0
1991-08-02,30300.0
1991-08-09,31800.0
1991-08-16,34200.0
1991-08-23,33600.0
1991-08-30,35600.0
1991-09-06,36700.0
1991-09-13,37600.0
1991-09-20,38800.0
1991-09-27,39700.0
1991-10-04,39700.0
1991-10-11,41100.0
1991-10-18,41300.0
1991-10-25,42100.0
1991-11-01,42400.0
1991-11-08,40700.0
1991-11-15,41000.0
1991-11-22,40600.0
1991-11-29,40800.0
1991-12-06,40400.0
1991-12-13,42900.0
1991-12-20,42300.0
1991-12-27,42100.0
1992-01-03,40700.0
1992-01-10,40000.0
1992-01-17,38900.0
1992-01-24,37100.0
1992-01-31,35400.0
1992-02-07,32500.0
1992-02-14,29800.0
1992-02-21,28200.0
1992-02-28,25000.0
1992-03-06,23100.0
1992-03-13,21300.0
1992-03-20,19000.0
1992-03-27,17100.0
1992-04-03,14700.0
1992-04-10,13700.0
1992-04-17,14400.0
1992-04-24,14700.0
1992-05-01,15000.0
1992-05-08,14800.0
1992-05-15,14500.0
1992-05-22,14400.0
1992-05-29,14500.0
1992-06-05,14900.0
1992-06-12,15600.0
1992-06-19,16400.0
1992-06-26,18400.0
1992-07-03,18600.0
1992-07-10,20700.0
1992-07-17,22300.0
1992-07-24,23800.0
1992-07-31,26200.0
1992-08-07,27100.0
1992-08-14,29200.0
1992-08-21,31600.0
1992-08-28,33100.0
1992-09-04,34400.0
1992-09-11,37500.0
1992-09-18,38000.0
1992-09-25,38700.0
1992-10-02,38400.0
1992-10-09,38500.0
1992-10-16,38000.0
1992-10-23,38200.0
1992-10-30,39700.0
1992-11-06,40300.0
1992-11-13,41800.0
1992-11-20,42900.0
1992-11-27,40700.0
1992-12-04,42200.0
1992-12-11,41600.0
1992-12-18,40700.0
1992-12-25,41700.0
1993-01-01,41500.0
1993-01-08,39700.0
1993-01-15,38800.0
1993-01-22,37300.0
1993-01-29,35300.0
1993-02-05,32200.0
1993-02-12,30800.0
1993-02-19,27600.0
1993-02-26,25500.0
1993-03-05,21300.0
1993-03-12,19400.0
1993-03-19,18200.0
1993-03-26,16400.0
1993-04-02,16700.0
1993-04-09,18100.0
1993-04-16,19400.0
1993-04-23,20100.0
1993-04-30,19700.0
1993-05-07,21743.0
1993-05-14,19113.0
1993-05-21,21147.0
1993-05-28,21771.0
1993-06-04,22337.0
1993-06-11,22877.0
1993-06-18,23065.0
1993-06-25,24300.0
1993-07-02,24930.0
1993-07-09,26292.0
1993-07-16,26997.0
1993-07-23,28688.0
1993-07-30,30726.0
1993-08-06,31757.0
1993-08-13,34890.0
1993-08-20,36346.0
1993-08-27,36418.0
1993-09-03,37943.0
1993-09-10,39547.0
1993-09-17,39633.0
1993-09-24,40866.0
1993-10-01,40856.0
1993-10-08,41792.0
1993-10-15,42037.0
1993-10-22,41558.0
1993-10-29,43241.0
1993-11-05,42999.0
1993-11-12,42400.0
1993-11-19,41878.0
1993-11-26,41849.0
1993-12-03,41845.0
1993-12-10,40770.0
1993-12-17,39012.0
1993-12-24,41257.0
1993-12-31,40380.0
1994-01-07,34537.0
1994-01-14,32520.0
1994-01-21,27857.0
1994-01-28,24126.0
1994-02-04,19067.0
1994-02-11,17861.0
1994-02-18,18285.0
1994-02-25,18871.0
1994-03-04,17814.0
1994-03-11,18958.0
1994-03-18,17409.0
1994-03-25,17344.0
1994-04-01,17970.0
1994-04-08,15976.0
1994-04-15,16935.0
1994-04-22,16525.0
1994-04-29,17942.0
1994-05-06,17823.0
1994-05-13,19311.0
1994-05-20,20149.0
1994-05-27,21379.0
1994-06-03,22777.0
1994-06-10,26049.0
1994-06-17,28038.0
1994-06-24,29059.0
1994-07-01,30110.0
1994-07-08,32874.0
1994-07-15,34279.0
1994-07-22,34984.0
1994-07-29,35160.0
1994-08-05,35241.0
1994-08-12,36507.0
1994-08-19,38255.0
1994-08-26,36950.0
1994-09-02,41329.0
1994-09-09,43118.0
1994-09-16,43982.0
1994-09-23,44304.0
1994-09-30,44680.0
1994-10-07,45421.0
1994-10-14,45010.0
1994-10-21,45041.0
1994-10-28,43872.0
1994-11-04,42867.0
1994-11-11,43308.0
1994-11-18,42629.0
1994-11-25,43402.0
1994-12-02,44416.0
1994-12-09,42310.0
1994-12-16,42065.0
1994-12-23,40024.0
1994-12-30,39413.0
1995-01-06,38381.0
1995-01-13,38445.0
1995-01-20,37449.0
1995-01-27,36966.0
1995-02-03,36678.0
1995-02-10,34219.0
1995-02-17,31198.0
1995-02-24,30219.0
1995-03-03,28525.0
1995-03-10,27234.0
1995-03-17,26589.0
1995-03-24,26589.0
1995-03-31,26313.0
1995-04-07,24689.0
1995-04-14,24477.0
1995-04-21,23810.0
1995-04-28,23752.0
1995-05-05,22923.0
1995-05-12,21466.0
1995-05-19,21480.0
1995-05-26,21206.0
1995-06-02,21759.0
1995-06-09,21702.0
1995-06-16,22462.0
1995-06-23,23124.0
1995-06-30,24054.0
1995-07-07,24587.0
1995-07-14,27596.0
1995-07-21,28310.0
1995-07-28,29347.0
1995-08-04,30500.0
1995-08-11,30345.0
1995-08-18,30687.0
1995-08-25,30756.0
1995-09-01,31626.0
1995-09-08,32304.0
1995-09-15,32855.0
1995-09-22,32504.0
1995-09-29,32970.0
1995-10-06,33280.0
1995-10-13,34124.0
1995-10-20,34259.0
1995-10-27,35059.0
1995-11-03,35404.0
1995-11-10,35811.0
1995-11-17,35193.0
1995-11-24,34575.0
1995-12-01,33854.0
1995-12-08,32691.0
1995-12-15,30614.0
1995-12-22,28977.0
1995-12-29,28444.0
1996-01-05,29268.0
1996-01-12,28522.0
1996-01-19,25502.0
1996-01-26,25805.0
1996-02-02,23344.0
1996-02-09,20561.0
1996-02-16,17123.0
1996-02-23,17004.0
1996-03-01,17253.0
1996-03-08,17169.0
1996-03-15,15309.0
1996-03-22,13207.0
1996-03-29,13306.0
1996-04-05,12882.0
1996-04-12,12250.0
1996-04-19,11850.0
1996-04-26,13107.0
1996-05-03,13459.0
1996-05-10,13534.0
1996-05-17,13867.0
1996-05-24,14432.0
1996-05-31,14961.0
1996-06-07,14707.0
1996-06-14,15602.0
1996-06-21,15524.0
1996-06-28,16206.0
1996-07-05,16130.0
1996-07-12,16718.0
1996-07-19,15831.0
1996-07-26,16940.0
1996-08-02,17808.0
1996-08-09,18196.0
1996-08-16,19057.0
1996-08-23,19857.0
1996-08-30,20538.0
1996-09-06,20804.0
1996-09-13,20589.0
1996-09-20,19552.0
1996-09-27,19824.0
1996-10-04,19729.0
1996-10-11,19761.0
1996-10-18,19572.0
1996-10-25,21589.0
1996-11-01,22905.0
1996-11-08,23864.0
1996-11-15,24202.0
1996-11-22,25360.0
1996-11-29,24308.0
1996-12-06,24695.0
1996-12-13,24498.0
1996-12-20,24294.0
1996-12-27,25499.0
1997-01-03,25673.0
1997-01-10,26120.0
1997-01-17,24463.0
1997-01-24,22928.0
1997-01-31,21836.0
1997-02-07,22622.0
1997-02-14,21197.0
1997-02-21,21254.0
1997-02-28,21052.0
1997-03-07,21486.0
1997-03-14,19958.0
1997-03-21,17987.0
1997-03-28,15622.0
1997-04-04,14302.0
1997-04-11,14116.0
1997-04-18,13289.0
1997-04-25,13516.0
1997-05-02,13759.0
1997-05-09,14613.0
1997-05-16,16062.0
1997-05-23,17447.0
1997-05-30,17877.0
1997-06-06,19777.0
1997-06-13,18944.0
1997-06-20,19156.0
1997-06-27,20670.0
1997-07-04,20746.0
1997-07-11,22745.0
1997-07-18,23803.0
1997-07-25,25557.0
1997-08-01,27027.0
1997-08-08,29088.0
1997-08-15,29972.0
1997-08-22,31223.0
1997-08-29,31693.0
1997-09-05,34101.0
1997-09-12,34241.0
1997-09-19,35772.0
1997-09-26,36165.0
1997-10-03,37124.0
1997-10-10,38561.0
1997-10-17,38129.0
1997-10-24,38195.0
1997-10-31,37407.0
1997-11-07,38493.0
1997-11-14,39232.0
1997-11-21,38795.0
1997-11-28,37939.0
1997-12-05,37229.0
1997-12-12,35560.0
1997-12-19,35035.0
1997-12-26,34580.0
1998-01-02,33229.0
1998-01-09,34953.0
1998-01-16,33736.0
1998-01-23,32059.0
1998-01-30,32041.0
1998-02-06,31311.0
1998-02-13,30083.0
1998-02-20,29720.0
1998-02-27,27810.0
1998-03-06,28202.0
1998-03-13,27312.0
1998-03-20,25366.0
1998-03-27,25413.0
1998-04-03,25804.0
1998-04-10,26174.0
1998-04-17,26392.0
1998-04-24,26668.0
1998-05-01,25918.0
1998-05-08,26200.0
1998-05-15,27533.0
1998-05-22,29052.0
1998-05-29,30793.0
1998-06-05,31362.0
1998-06-12,33303.0
1998-06-19,34610.0
1998-06-26,34853.0
1998-07-03,35106.0
1998-07-10,36144.0
1998-07-17,38955.0
1998-07-24,39030.0
1998-07-31,39800.0
1998-08-07,40279.0
1998-08-14,40632.0
1998-08-21,41177.0
1998-08-28,41330.0
1998-09-04,42288.0
1998-09-11,44338.0
1998-09-18,45185.0
1998-09-25,46923.0
1998-10-02,46400.0
1998-10-09,46936.0
1998-10-16,46363.0
1998-10-23,45287.0
1998-10-30,44521.0
1998-11-06,44192.0
1998-11-13,44881.0
1998-11-20,43456.0
1998-11-27,45338.0
1998-12-04,45535.0
1998-12-11,47188.0
1998-12-18,47123.0
1998-12-25,46426.0
1999-01-01,43633.0
1999-01-08,43003.0
1999-01-15,41066.0
1999-01-22,38949.0
1999-01-29,38828.0
1999-02-05,37185.0
1999-02-12,35191.0
1999-02-19,34800.0
1999-02-26,33651.0
1999-03-05,30647.0
1999-03-12,29072.0
1999-03-19,26485.0
1999-03-26,24479.0
1999-04-02,24028.0
1999-04-09,25114.0
1999-04-16,23820.0
1999-04-23,24132.0
1999-04-30,24458.0
1999-05-07,25008.0
1999-05-14,25882.0
1999-05-21,28784.0
1999-05-28,29078.0
1999-06-04,30333.0
1999-06-11,31895.0
1999-06-18,31323.0
1999-06-25,32162.0
1999-07-02,32398.0
1999-07-09,33373.0
1999-07-16,35790.0
1999-07-23,36294.0
1999-07-30,36178.0
1999-08-06,36153.0
1999-08-13,38608.0
1999-08-20,39037.0
1999-08-27,40294.0
1999-09-03,39757.0
1999-09-10,39693.0
1999-09-17,39792.0
1999-09-24,40583.0
1999-10-01,39589.0
1999-10-08,39111.0
1999-10-15,39483.0
1999-10-22,38730.0
1999-10-29,37104.0
1999-11-05,35022.0
1999-11-12,33445.0
1999-11-19,32774.0
1999-11-26,32732.0
1999-12-03,32476.0
1999-12-10,32065.0
1999-12-17,30674.0
1999-12-24,29471.0
1999-12-31,27663.0
2000-01-07,26391.0
2000-01-14,24988.0
2000-01-21,21913.0
2000-01-28,18009.0
2000-02-04,15052.0
2000-02-11,15413.0
2000-02-18,15240.0
2000-02-25,16167.0
2000-03-03,17264.0
2000-03-10,18038.0
2000-03-17,16244.0
2000-03-24,16388.0
2000-03-31,15496.0
2000-04-07,15415.0
2000-04-14,13805.0
2000-04-21,12899.0
2000-04-28,13633.0
2000-05-05,12653.0
2000-05-12,12898.0
2000-05-19,13439.0
2000-05-26,14188.0
2000-06-02,15076.0
2000-06-09,16760.0
2000-06-16,16311.0
2000-06-23,15982.0
2000-06-30,17943.0
2000-07-07,18427.0
2000-07-14,18440.0
2000-07-21,20294.0
2000-07-28,18948.0
2000-08-04,19107.0
2000-08-11,18731.0
2000-08-18,20239.0
2000-08-25,21453.0
2000-09-01,22651.0
2000-09-08,23377.0
2000-09-15,22935.0
2000-09-22,23335.0
2000-09-29,23443.0
2000-10-06,23350.0
2000-10-13,24275.0
2000-10-20,24117.0
2000-10-27,24279.0
2000-11-03,24396.0
2000-11-10,24729.0
2000-11-17,23427.0
2000-11-24,24099.0
2000-12-01,24994.0
2000-12-08,24141.0
2000-12-15,24432.0
2000-12-22,24451.0
2000-12-29,23333.0
2001-01-05,22992.0
2001-01-12,23731.0
2001-01-19,24828.0
2001-01-26,25154.0
2001-02-02,25177.0
2001-02-09,25770.0
2001-02-16,25396.0
2001-02-23,24136.0
2001-03-02,23362.0
2001-03-09,21127.0
2001-03-16,18811.0
2001-03-23,17279.0
2001-03-30,16105.0
2001-04-06,15311.0
2001-04-13,15219.0
2001-04-20,16593.0
2001-04-27,17597.0
2001-05-04,18047.0
2001-05-11,19819.0
2001-05-18,19893.0
2001-05-25,20943.0
2001-06-01,21964.0
2001-06-08,21577.0
2001-06-15,22509.0
2001-06-22,23222.0
2001-06-29,22468.0
2001-07-06,23542.0
2001-07-13,25223.0
2001-07-20,25857.0
2001-07-27,26647.0
2001-08-03,26776.0
2001-08-10,27730.0
2001-08-17,28648.0
2001-08-24,28268.0
2001-08-31,28376.0
2001-09-07,29285.0
2001-09-14,31182.0
2001-09-21,30630.0
2001-09-28,30476.0
2001-10-05,31275.0
2001-10-12,32100.0
2001-10-19,31172.0
2001-10-26,32941.0
2001-11-02,33667.0
2001-11-09,34439.0
2001-11-16,33721.0
2001-11-23,35228.0
2001-11-30,36787.0
2001-12-07,38808.0
2001-12-14,38068.0
2001-12-21,37384.0
2001-12-28,36819.0
2002-01-04,36594.0
2002-01-11,35541.0
2002-01-18,34062.0
2002-01-25,33716.0
2002-02-01,32434.0
2002-02-08,31612.0
2002-02-15,30458.0
2002-02-22,29996.0
2002-03-01,28532.0
2002-03-08,26913.0
2002-03-15,26317.0
2002-03-22,26190.0
2002-03-29,24816.0
2002-04-05,25081.0
2002-04-12,24766.0
2002-04-19,24560.0
2002-04-26,24147.0
2002-05-03,24921.0
2002-05-10,25528.0
2002-05-17,25921.0
2002-05-24,26365.0
2002-05-31,27202.0
2002-06-07,27216.0
2002-06-14,28536.0
2002-06-21,29811.0
2002-06-28,29582.0
2002-07-05,30461.0
2002-07-12,32028.0
2002-07-19,32180.0
2002-07-26,33434.0
2002-08-02,33971.0
2002-08-09,34419.0
2002-08-16,34194.0
2002-08-23,34746.0
2002-08-30,33583.0
2002-09-06,34641.0
2002-09-13,34447.0
2002-09-20,34139.0
2002-09-27,34447.0
2002-10-04,34431.0
2002-10-11,34420.0
2002-10-18,35362.0
2002-10-25,34217.0
2002-11-01,33081.0
2002-11-08,33279.0
2002-11-15,32897.0
2002-11-22,31596.0
2002-11-29,31399.0
2002-12-06,32024.0
2002-12-13,31193.0
2002-12-20,28664.0
2002-12-27,30239.0
2003-01-03,30392.0
2003-01-10,30586.0
2003-01-17,29297.0
2003-01-24,26467.0
2003-01-31,23186.0
2003-02-07,21490.0
2003-02-14,19391.0
2003-02-21,17197.0
2003-02-28,15184.0
2003-03-07,14470.0
2003-03-14,14229.0
2003-03-21,13517.0
2003-03-28,15641.0
2003-04-04,14842.0
2003-04-11,13977.0
2003-04-18,13842.0
2003-04-25,12841.0
2003-05-02,13502.0
2003-05-09,14429.0
2003-05-16,14216.0
2003-05-23,14588.0
2003-05-30,15184.0
2003-06-06,16969.0
2003-06-13,17783.0
2003-06-20,18821.0
2003-06-27,19588.0
2003-07-04,19233.0
2003-07-11,20438.0
2003-07-18,20743.0
2003-07-25,21811.0
2003-08-01,23059.0
2003-08-08,24473.0
2003-08-15,26367.0
2003-08-22,27313.0
2003-08-29,28565.0
2003-09-05,29868.0
2003-09-12,31224.0
2003-09-19,32535.0
2003-09-26,33203.0
2003-10-03,33836.0
2003-10-10,33409.0
2003-10-17,34325.0
2003-10-24,34418.0
2003-10-31,33871.0
2003-11-07,34011.0
2003-11-14,33481.0
2003-11-21,33427.0
2003-11-28,34197.0
2003-12-05,35853.0
2003-12-12,34659.0
2003-12-19,33354.0
2003-12-26,33110.0
2004-01-02,33694.0
2004-01-09,33936.0
2004-01-16,31653.0
2004-01-23,29591.0
2004-01-30,25769.0
2004-02-06,24232.0
2004-02-13,23310.0
2004-02-20,22199.0
2004-02-27,22380.0
2004-03-05,24223.0
2004-03-12,25844.0
2004-03-19,25976.0
2004-03-26,23564.0
2004-04-02,22756.0
2004-04-09,23735.0
2004-04-16,22124.0
2004-04-23,21917.0
2004-04-30,21283.0
2004-05-07,20472.0
2004-05-14,19324.0
2004-05-21,18947.0
2004-05-28,19170.0
2004-06-04,18444.0
2004-06-11,19491.0
2004-06-18,19703.0
2004-06-25,20061.0
2004-07-02,21662.0
2004-07-09,21680.0
2004-07-16,23064.0
2004-07-23,22875.0
2004-07-30,24844.0
2004-08-06,25474.0
2004-08-13,25601.0
2004-08-20,26232.0
2004-08-27,26532.0
2004-09-03,26305.0
2004-09-10,27813.0
2004-09-17,27383.0
2004-09-24,27102.0
2004-10-01,27068.0
2004-10-08,26560.0
2004-10-15,26630.0
2004-10-22,26503.0
2004-10-29,25377.0
2004-11-05,26103.0
2004-11-12,26023.0
2004-11-19,26955.0
2004-11-26,27030.0
2004-12-03,27956.0
2004-12-10,26801.0
2004-12-17,26591.0
2004-12-24,25082.0
2004-12-31,25847.0
2005-01-07,26107.0
2005-01-14,25442.0
2005-01-21,24910.0
2005-01-28,23770.0
2005-02-04,21507.0
2005-02-11,19870.0
2005-02-18,19731.0
2005-02-25,19091.0
2005-03-04,18616.0
2005-03-11,17045.0
2005-03-18,16973.0
2005-03-25,15585.0
2005-04-01,15438.0
2005-04-08,15840.0
2005-04-15,16116.0
2005-04-22,16193.0
2005-04-29,16407.0
2005-05-06,16627.0
2005-05-13,16777.0
2005-05-20,17492.0
2005-05-27,18107.0
2005-06-03,19059.0
2005-06-10,19929.0
2005-06-17,20329.0
2005-06-24,21159.0
2005-07-01,22271.0
2005-07-08,23806.0
2005-07-15,25918.0
2005-07-22,26860.0
2005-07-29,27614.0
2005-08-05,29710.0
2005-08-12,29848.0
2005-08-19,29851.0
2005-08-26,31951.0
2005-09-02,33433.0
2005-09-09,34546.0
2005-09-16,34964.0
2005-09-23,34773.0
2005-09-30,34669.0
2005-10-07,35352.0
2005-10-14,34555.0
2005-10-21,33681.0
2005-10-28,33147.0
2005-11-04,32056.0
2005-11-11,33056.0
2005-11-18,34459.0
2005-11-25,34828.0
2005-12-02,34114.0
2005-12-09,34870.0
2005-12-16,32978.0
2005-12-23,33054.0
2005-12-30,32058.0
2006-01-06,33005.0
2006-01-13,34248.0
2006-01-20,36421.0
2006-01-27,37236.0
2006-02-03,36638.0
2006-02-10,37767.0
2006-02-17,36598.0
2006-02-24,34750.0
2006-03-03,31636.0
2006-03-10,28106.0
2006-03-17,28835.0
2006-03-24,26824.0
2006-03-31,25761.0
2006-04-07,24646.0
2006-04-14,25326.0
2006-04-21,25105.0
2006-04-28,24718.0
2006-05-05,24160.0
2006-05-12,24316.0
2006-05-19,25141.0
2006-05-26,26397.0
2006-06-02,26959.0
2006-06-09,29622.0
2006-06-16,30137.0
2006-06-23,31192.0
2006-06-30,31674.0
2006-07-07,31553.0
2006-07-14,33022.0
2006-07-21,34734.0
2006-07-28,35041.0
2006-08-04,34838.0
2006-08-11,34693.0
2006-08-18,36043.0
2006-08-25,37396.0
2006-09-01,38623.0
2006-09-08,38761.0
2006-09-15,39476.0
2006-09-22,40003.0
2006-09-29,40780.0
2006-10-06,40291.0
2006-10-13,40226.0
2006-10-20,40156.0
2006-10-27,40751.0
2006-11-03,39754.0
2006-11-10,39176.0
2006-11-17,38831.0
2006-11-24,38564.0
2006-12-01,37814.0
2006-12-08,37668.0
2006-12-15,36796.0
2006-12-22,36650.0
2006-12-29,37370.0
2007-01-05,39440.0
2007-01-12,39345.0
2007-01-19,38584.0
2007-01-26,38158.0
2007-02-02,35437.0
2007-02-09,33519.0
2007-02-16,31464.0
2007-02-23,28470.0
2007-03-02,27628.0
2007-03-09,26092.0
2007-03-16,25390.0
2007-03-23,24542.0
2007-03-30,23911.0
2007-04-06,22846.0
2007-04-13,22782.0
2007-04-20,21638.0
2007-04-27,20709.0
2007-05-04,21721.0
2007-05-11,22475.0
2007-05-18,22722.0
2007-05-25,23072.0
2007-06-01,23822.0
2007-06-08,24086.0
2007-06-15,24656.0
2007-06-22,23796.0
2007-06-29,23653.0
2007-07-06,24425.0
2007-07-13,25576.0
2007-07-20,26352.0
2007-07-27,26353.0
2007-08-03,27268.0
2007-08-10,28907.0
2007-08-17,29742.0
2007-08-24,30884.0
2007-08-31,31222.0
2007-09-07,32592.0
2007-09-14,33659.0
2007-09-21,32929.0
2007-09-28,33566.0
2007-10-05,33370.0
2007-10-12,34585.0
2007-10-19,35960.0
2007-10-26,35807.0
2007-11-02,35865.0
2007-11-09,36193.0
2007-11-16,35748.0
2007-11-23,36030.0
2007-11-30,35773.0
2007-12-07,34389.0
2007-12-14,32950.0
2007-12-21,29481.0
2007-12-28,28081.0
2008-01-04,27093.0
2008-01-11,28402.0
2008-01-18,27985.0
2008-01-25,26909.0
2008-02-01,26327.0
2008-02-08,26510.0
2008-02-15,24448.0
2008-02-22,24329.0
2008-02-29,22697.0
2008-03-07,22751.0
2008-03-14,20404.0
2008-03-21,19810.0
2008-03-28,18052.0
2008-04-04,16642.0
2008-04-11,15532.0
2008-04-18,15173.0
2008-04-25,16293.0
2008-05-02,17217.0
2008-05-09,16712.0
2008-05-16,18088.0
2008-05-23,18733.0
2008-05-30,19493.0
2008-06-06,20041.0
2008-06-13,21654.0
2008-06-20,22966.0
2008-06-27,24597.0
2008-07-04,25190.0
2008-07-11,26290.0
2008-07-18,27209.0
2008-07-25,29168.0
2008-08-01,28574.0
2008-08-08,29268.0
2008-08-15,30128.0
2008-08-22,30554.0
2008-08-29,31235.0
2008-09-05,31316.0
2008-09-12,31563.0
2008-09-19,30912.0
2008-09-26,30132.0
2008-10-03,29161.0
2008-10-10,28333.0
2008-10-17,28772.0
2008-10-24,28914.0
2008-10-31,30860.0
2008-11-07,30883.0
2008-11-14,31239.0
2008-11-21,30916.0
2008-11-28,29659.0
2008-12-05,30485.0
2008-12-12,31784.0
2008-12-19,31405.0
2008-12-26,30718.0
2009-01-02,29476.0
2009-01-09,30046.0
2009-01-16,30606.0
2009-01-23,28995.0
2009-01-30,28088.0
2009-02-06,26917.0
2009-02-13,26468.0
2009-02-20,27044.0
2009-02-27,27810.0
2009-03-06,27288.0
2009-03-13,27649.0
2009-03-20,28297.0
2009-03-27,28711.0
2009-04-03,29304.0
2009-04-10,28380.0
2009-04-17,29082.0
2009-04-24,30128.0
2009-05-01,31882.0
2009-05-08,32436.0
2009-05-15,33039.0
2009-05-22,33948.0
2009-05-29,34752.0
2009-06-05,34877.0
2009-06-12,34689.0
2009-06-19,36002.0
2009-06-26,37872.0
2009-07-03,39657.0
2009-07-10,39350.0
2009-07-17,39105.0
2009-07-24,39253.0
2009-07-31,39402.0
2009-08-07,40354.0
2009-08-14,40406.0
2009-08-21,41230.0
2009-08-28,42602.0
2009-09-04,42949.0
2009-09-11,43064.0
2009-09-18,44846.0
2009-09-25,44229.0
2009-10-02,44862.0
2009-10-09,45065.0
2009-10-16,44466.0
2009-10-23,44759.0
2009-10-30,43562.0
2009-11-06,44887.0
2009-11-13,45829.0
2009-11-20,46973.0
2009-11-27,46056.0
2009-12-04,46867.0
2009-12-11,45751.0
2009-12-18,44205.0
2009-12-25,41820.0
2010-01-01,39285.0
2010-01-08,36593.0
2010-01-15,36665.0
2010-01-22,36127.0
2010-01-29,36938.0
2010-02-05,37412.0
2010-02-12,37429.0
2010-02-19,37144.0
2010-02-26,36774.0
2010-03-05,36489.0
2010-03-12,35297.0
2010-03-19,35027.0
2010-03-26,35937.0
2010-04-02,35484.0
2010-04-09,35356.0
2010-04-16,35837.0
2010-04-23,36142.0
2010-04-30,37236.0
2010-05-07,37900.0
2010-05-14,36983.0
2010-05-21,37332.0
2010-05-28,36580.0
2010-06-04,36090.0
2010-06-11,36095.0
2010-06-18,36916.0
2010-06-25,38003.0
2010-07-02,38495.0
2010-07-09,39547.0
2010-07-16,41220.0
2010-07-23,41990.0
2010-07-30,41016.0
2010-08-06,42662.0
2010-08-13,43994.0
2010-08-20,43583.0
2010-08-27,44100.0
2010-09-03,43457.0
2010-09-10,41315.0
2010-09-17,42445.0
2010-09-24,44494.0
2010-10-01,43916.0
2010-10-08,44014.0
2010-10-15,44777.0
2010-10-22,44848.0
2010-10-29,44147.0
2010-11-05,42429.0
2010-11-12,42718.0
2010-11-19,42742.0
2010-11-26,42680.0
2010-12-03,42973.0
2010-12-10,42043.0
2010-12-17,40925.0
2010-12-24,39405.0
2010-12-31,38383.0
2011-01-07,37793.0
2011-01-14,36996.0
2011-01-21,37158.0
2011-01-28,34864.0
2011-02-04,33746.0
2011-02-11,34274.0
2011-02-18,32998.0
2011-02-25,32278.0
2011-03-04,31251.0
2011-03-11,31338.0
2011-03-18,30531.0
2011-03-25,30955.0
2011-04-01,29296.0
2011-04-08,29367.0
2011-04-15,29432.0
2011-04-22,28771.0
2011-04-29,29170.0
2011-05-06,28960.0
2011-05-13,29869.0
2011-05-20,30186.0
2011-05-27,30536.0
2011-06-03,30324.0
2011-06-10,29681.0
2011-06-17,29177.0
2011-06-24,28872.0
2011-07-01,29862.0
2011-07-08,30269.0
2011-07-15,31523.0
2011-07-22,32716.0
2011-07-29,32681.0
2011-08-05,34210.0
2011-08-12,36047.0
2011-08-19,35748.0
2011-08-26,36430.0
2011-09-02,36481.0
2011-09-09,35347.0
2011-09-16,35930.0
2011-09-23,36542.0
2011-09-30,35416.0
2011-10-07,34563.0
2011-10-14,34344.0
2011-10-21,33879.0
2011-10-28,33700.0
2011-11-04,32819.0
2011-11-11,32963.0
2011-11-18,31914.0
2011-11-25,32992.0
2011-12-02,32437.0
2011-12-09,32265.0
2011-12-16,32149.0
2011-12-23,31132.0
2011-12-30,30100.0
2012-01-06,30965.0
2012-01-13,29988.0
2012-01-20,29895.0
2012-01-27,28150.0
2012-02-03,28034.0
2012-02-10,27091.0
2012-02-17,27983.0
2012-02-24,27044.0
2012-03-02,26228.0
2012-03-09,25301.0
2012-03-16,26245.0
2012-03-23,26710.0
2012-03-30,26849.0
2012-04-06,26238.0
2012-04-13,26270.0
2012-04-20,27228.0
2012-04-27,25175.0
2012-05-04,23932.0
2012-05-11,24036.0
2012-05-18,22981.0
2012-05-25,21964.0
2012-06-01,21836.0
2012-06-08,21257.0
2012-06-15,21360.0
2012-06-22,21541.0
2012-06-29,20043.0
2012-07-06,21664.0
2012-07-13,21873.0
2012-07-20,22304.0
2012-07-27,22616.0
2012-08-03,22433.0
2012-08-10,23226.0
2012-08-17,23578.0
2012-08-24,23948.0
2012-08-31,24129.0
2012-09-07,24726.0
2012-09-14,23736.0
2012-09-21,23064.0
2012-09-28,22135.0
2012-10-05,20441.0
2012-10-12,19289.0
2012-10-19,20230.0
2012-10-26,20428.0
2012-11-02,20540.0
2012-11-09,19305.0
2012-11-16,19327.0
2012-11-23,20853.0
2012-11-30,20408.0
2012-12-07,22512.0
2012-12-14,23519.0
2012-12-21,22368.0
2012-12-28,23813.0
2013-01-04,23688.0
2013-01-11,24418.0
2013-01-18,24241.0
2013-01-25,23820.0
2013-02-01,23464.0
2013-02-08,22114.0
2013-02-15,21583.0
2013-02-22,20414.0
2013-03-01,20157.0
2013-03-08,19674.0
2013-03-15,19107.0
2013-03-22,17862.0
2013-03-29,17699.0
2013-04-05,17586.0
2013-04-12,18598.0
2013-04-19,19022.0
2013-04-26,18485.0
2013-05-03,19452.0
2013-05-10,18224.0
2013-05-17,17044.0
2013-05-24,17392.0
2013-05-31,18261.0
2013-06-07,18935.0
2013-06-14,19639.0
2013-06-21,20603.0
2013-06-28,22094.0
2013-07-05,23871.0
2013-07-12,24350.0
2013-07-19,23707.0
2013-07-26,23526.0
2013-08-02,22776.0
2013-08-09,24610.0
2013-08-16,25505.0
2013-08-23,25765.0
2013-08-30,25667.0
2013-09-06,25808.0
2013-09-13,25211.0
2013-09-20,25007.0
2013-09-27,23863.0
2013-10-04,22591.0
2013-10-11,21917.0
2013-10-18,21164.0
2013-10-25,20790.0
2013-11-01,18848.0
2013-11-08,18363.0
2013-11-15,17955.0
2013-11-22,17103.0
2013-11-29,18219.0
2013-12-06,19488.0
2013-12-13,19010.0
2013-12-20,17962.0
2013-12-27,18860.0
2014-01-03,19793.0
2014-01-10,18190.0
2014-01-17,17010.0
2014-01-24,15699.0
2014-01-31,13555.0
2014-02-07,12972.0
2014-02-14,13602.0
2014-02-21,13570.0
2014-02-28,13785.0
2014-03-07,14292.0
2014-03-14,14143.0
2014-03-21,14580.0
2014-03-28,13927.0
2014-04-04,16163.0
2014-04-11,16975.0
2014-04-18,16913.0
2014-04-25,17360.0
2014-05-02,17372.0
2014-05-09,16089.0
2014-05-16,16394.0
2014-05-23,17631.0
2014-05-30,17085.0
2014-06-06,18074.0
2014-06-13,18771.0
2014-06-20,19904.0
2014-06-27,19557.0
2014-07-04,20479.0
2014-07-11,20304.0
2014-07-18,22548.0
2014-07-25,23725.0
2014-08-01,23433.0
2014-08-08,22891.0
2014-08-15,22651.0
2014-08-22,22233.0
2014-08-29,22583.0
2014-09-05,22736.0
2014-09-12,22928.0
2014-09-19,23156.0
2014-09-26,23758.0
2014-10-03,23078.0
2014-10-10,22916.0
2014-10-17,24041.0
2014-10-24,21753.0
2014-10-31,22347.0
2014-11-07,22252.0
2014-11-14,21128.0
2014-11-21,19635.0
2014-11-28,20237.0
2014-12-05,20258.0
2014-12-12,19528.0
2014-12-19,18119.0
2014-12-26,18643.0
2015-01-02,18718.0
2015-01-09,19835.0
2015-01-16,18893.0
2015-01-23,18951.0
2015-01-30,20926.0
2015-02-06,20020.0
2015-02-13,18255.0
2015-02-20,16126.0
2015-02-27,13376.0
2015-03-06,14134.0
2015-03-13,13266.0
2015-03-20,13510.0
2015-03-27,12741.0
2015-04-03,13580.0
2015-04-10,15105.0
2015-04-17,15650.0
2015-04-24,16633.0
2015-05-01,18359.0
2015-05-08,19685.0
2015-05-15,20053.0
2015-05-22,20515.0
2015-05-29,21862.0
2015-06-05,22830.0
2015-06-12,23555.0
2015-06-19,25060.0
2015-06-26,26038.0
2015-07-03,27797.0
2015-07-10,29509.0
2015-07-17,30107.0
2015-07-24,30997.0
2015-07-31,31600.0
2015-08-07,33624.0
2015-08-14,33378.0
2015-08-21,34882.0
2015-08-28,35744.0
2015-09-04,36554.0
2015-09-11,36355.0
2015-09-18,36579.0
2015-09-25,36157.0
2015-10-02,36391.0
2015-10-09,37143.0
2015-10-16,38392.0
2015-10-23,36517.0
2015-10-30,36929.0
2015-11-06,37290.0
2015-11-13,37296.0
2015-11-20,37158.0
2015-11-27,38759.0
2015-12-04,38250.0
2015-12-11,38981.0
2015-12-18,38388.0
2015-12-25,38786.0
2016-01-01,38862.0
2016-01-08,39094.0
2016-01-15,39905.0
2016-01-22,37828.0
2016-01-29,36603.0
2016-02-05,37742.0
2016-02-12,36393.0
2016-02-19,35823.0
2016-02-26,36020.0
2016-03-04,35599.0
2016-03-11,34407.0
2016-03-18,34345.0
2016-03-25,33428.0
2016-04-01,31822.0
2016-04-08,30956.0
2016-04-15,31929.0
2016-04-22,31468.0
2016-04-29,32172.0
2016-05-06,33497.0
2016-05-13,32550.0
2016-05-20,33034.0
2016-05-27,32676.0
2016-06-03,31813.0
2016-06-10,33557.0
2016-06-17,34685.0
2016-06-24,33623.0
2016-07-01,34306.0
2016-07-08,35240.0
2016-07-15,35214.0
2016-07-22,35871.0
2016-07-29,34602.0
2016-08-05,35869.0
2016-08-12,37219.0
2016-08-19,37396.0
2016-08-26,37908.0
2016-09-02,37951.0
2016-09-09,39706.0
2016-09-16,39814.0
2016-09-23,40131.0
2016-09-30,39407.0
2016-10-07,40330.0
2016-10-14,40422.0
2016-10-21,39313.0
2016-10-28,40033.0
2016-11-04,39994.0
2016-11-11,39737.0
2016-11-18,38844.0
2016-11-25,40983.0
2016-12-02,40905.0
2016-12-09,41268.0
2016-12-16,41201.0
2016-12-23,41172.0
2016-12-30,41113.0
2017-01-06,41244.0
2017-01-13,39979.0
2017-01-20,40055.0
2017-01-27,41645.0
2017-02-03,40980.0
2017-02-10,39059.0
2017-02-17,38341.0
2017-02-24,38288.0
2017-03-03,36594.0
2017-03-10,36098.0
2017-03-17,34802.0
2017-03-24,32963.0
2017-03-31,32523.0
2017-04-07,32050.0
2017-04-14,31015.0
2017-04-21,32631.0
2017-04-28,33107.0
2017-05-05,33861.0
2017-05-12,32961.0
2017-05-19,33478.0
2017-05-26,33052.0
2017-06-02,33361.0
2017-06-09,32697.0
2017-06-16,33909.0
2017-06-23,33491.0
2017-06-30,32727.0
2017-07-07,34525.0
2017-07-14,33206.0
2017-07-21,32339.0
2017-07-28,32734.0
2017-08-04,32791.0
2017-08-11,33000.0
2017-08-18,33296.0
2017-08-25,32714.0
2017-09-01,31229.0
2017-09-08,28649.0
2017-09-15,27417.0
2017-09-22,27257.0
2017-09-29,27086.0
2017-10-06,26812.0
2017-10-13,26037.0
2017-10-20,26111.0
2017-10-27,26474.0
2017-11-03,26953.0
2017-11-10,27780.0
2017-11-17,29184.0
2017-11-24,29581.0
2017-12-01,29006.0
2017-12-08,29576.0
2017-12-15,29848.0
2017-12-22,29093.0
2017-12-29,30724.0
2018-01-05,29168.0
2018-01-12,26498.0
2018-01-19,25535.0
2018-01-26,26517.0
2018-02-02,26369.0
2018-02-09,27318.0
2018-02-16,27323.0
2018-02-23,27079.0
2018-03-02,27601.0
2018-03-09,28098.0
2018-03-16,27449.0
2018-03-23,25258.0
2018-03-30,23465.0
2018-04-06,22181.0
2018-04-13,20551.0
2018-04-20,19209.0
2018-04-27,17821.0
2018-05-04,16812.0
2018-05-11,15666.0
2018-05-18,15333.0
2018-05-25,15314.0
2018-06-01,16035.0
2018-06-08,14672.0
2018-06-15,15182.0
2018-06-22,15577.0
2018-06-29,15611.0
2018-07-06,17428.0
2018-07-13,18478.0
2018-07-20,19245.0
2018-07-27,20356.0
2018-08-03,21028.0
2018-08-10,22789.0
2018-08-17,22055.0
2018-08-24,23830.0
2018-08-31,24088.0
2018-09-07,25596.0
2018-09-14,25213.0
2018-09-21,24871.0
2018-09-28,23562.0
2018-10-05,23136.0
2018-10-12,22818.0
2018-10-19,22452.0
2018-10-26,22110.0
2018-11-02,21796.0
2018-11-09,22152.0
2018-11-16,21030.0
2018-11-23,21179.0
2018-11-30,22516.0
2018-12-07,21869.0
2018-12-14,21387.0
2018-12-21,21111.0
2018-12-28,21925.0
2019-01-04,22546.0
2019-01-11,25166.0
2019-01-18,25614.0
2019-01-25,25553.0
2019-02-01,24086.0
2019-02-08,24628.0
2019-02-15,23570.0
2019-02-22,24707.0
2019-03-01,22988.0
2019-03-08,22979.0
2019-03-15,22350.0
2019-03-22,21905.0
2019-03-29,20710.0
2019-04-05,20266.0
2019-04-12,20287.0
2019-04-19,20036.0
2019-04-26,20521.0
2019-05-03,21118.0
2019-05-10,20509.0
2019-05-17,20493.0
2019-05-24,21463.0
2019-05-31,21511.0
2019-06-07,23461.0
2019-06-14,23806.0
2019-06-21,23789.0
2019-06-28,24948.0
2019-07-05,24770.0
2019-07-12,25912.0
2019-07-19,25555.0
2019-07-26,26400.0
2019-08-02,27070.0
2019-08-09,26122.0
2019-08-16,26570.0
2019-08-23,25692.0
2019-08-30,25411.0
2019-09-06,25473.0
2019-09-13,24521.0
2019-09-20,23897.0
2019-09-27,21835.0
2019-10-04,20938.0
2019-10-11,19290.0
2019-10-18,17975.0
2019-10-25,17344.0
2019-11-01,16640.0
2019-11-08,17238.0
2019-11-15,17967.0
2019-11-22,19609.0
2019-11-29,19802.0
2019-12-06,21750.0
2019-12-13,22620.0
2019-12-20,20834.0
2019-12-27,23154.0
2020-01-03,23165.0
2020-01-10,25353.0
2020-01-17,25166.0
2020-01-24,24639.0
2020-01-31,23102.0
2020-02-07,22333.0
2020-02-14,22102.0
2020-02-21,21886.0
2020-02-28,20568.0
2020-03-06,17956.0
2020-03-13,17360.0
2020-03-20,17639.0
2020-03-27,16164.0
2020-04-03,16227.0
2020-04-10,16902.0
2020-04-17,19237.0
2020-04-24,20914.0
2020-05-01,23087.0
2020-05-08,26803.0
2020-05-15,29529.0
2020-05-22,32910.0
2020-05-29,35037.0
2020-06-05,37501.0
2020-06-12,38172.0
2020-06-19,38425.0
2020-06-26,39179.0
2020-07-03,39178.0
2020-07-10,39323.0
2020-07-17,38592.0
2020-07-24,38370.0
2020-07-31,37786.0
2020-08-07,37928.0
2020-08-14,38957.0
2020-08-21,38119.0
2020-08-28,38444.0
2020-09-04,38423.0
2020-09-11,38169.0
2020-09-18,37179.0
2020-09-25,35864.0
2020-10-02,36578.0
2020-10-09,35926.0
2020-10-16,35070.0
2020-10-23,34314.0
2020-10-30,35698.0
2020-11-06,34850.0
2020-11-13,34336.0
2020-11-20,33177.0
2020-11-27,33270.0
2020-12-04,34110.0
2020-12-11,34337.0
2020-12-18,34004.0
2020-12-25,34091.0
2021-01-01,33625.0
2021-01-08,34358.0
2021-01-15,34298.0
2021-01-22,33375.0
2021-01-29,32196.0
2021-02-05,31064.0
2021-02-12,29713.0
2021-02-19,26440.0
2021-02-26,26896.0
2021-03-05,25936.0
2021-03-12,24288.0
2021-03-19,25196.0
2021-03-26,23326.0
2021-04-02,23887.0
2021-04-09,23398.0
2021-04-16,22604.0
2021-04-23,21952.0
2021-04-30,20904.0
2021-05-07,18920.0
2021-05-14,17643.0
2021-05-21,17190.0
2021-05-28,18480.0
2021-06-04,19094.0
2021-06-11,20372.0
2021-06-18,20050.0
2021-06-25,20265.0
2021-07-02,20544.0
2021-07-09,20023.0
2021-07-16,19839.0
2021-07-23,19723.0
2021-07-30,20029.0
2021-08-06,20545.0
2021-08-13,20318.0
2021-08-20,19997.0
2021-08-27,20476.0
2021-09-03,22583.0
2021-09-10,22627.0
2021-09-17,21615.0
2021-09-24,20945.0
2021-10-01,20518.0
2021-10-08,19211.0
2021-10-15,18936.0
2021-10-22,19609.0
2021-10-29,19779.0
2021-11-05,19204.0
2021-11-12,19466.0
2021-11-19,19771.0
2021-11-26,21312.0
2021-12-03,23052.0
2021-12-10,22897.0
2021-12-17,23215.0
2021-12-24,22619.0
2021-12-31,21464.0
2022-01-07,21325.0
2022-01-14,21906.0
2022-01-21,19675.0
2022-01-28,17128.0
2022-02-04,16626.0
2022-02-11,17078.0
2022-02-18,16608.0
2022-02-25,16462.0
2022-03-04,15006.0
2022-03-11,14928.0
2022-03-18,12292.0
2022-03-25,11785.0
2022-04-01,10618.0
2022-04-08,11132.0
2022-04-15,10902.0
2022-04-22,10742.0
2022-04-29,9117.0
2022-05-06,9170.0
2022-05-13,9219.0
2022-05-20,8479.0
2022-05-27,8771.0
2022-06-03,9501.0
2022-06-10,10589.0
2022-06-17,11278.0
2022-06-24,11597.0
2022-07-01,12084.0
2022-07-08,12775.0
2022-07-15,12981.0
2022-07-22,12553.0
2022-07-29,11406.0
2022-08-05,12375.0
2022-08-12,11837.0
2022-08-19,11537.0
2022-08-26,12927.0
2022-09-02,12933.0
2022-09-09,13196.0
2022-09-16,12489.0
2022-09-23,12125.0
2022-09-30,11086.0
2022-10-07,11221.0
2022-10-14,11578.0
2022-10-21,11362.0
2022-10-28,10812.0
2022-11-04,11711.0
2022-11-11,11557.0
2022-11-18,11911.0
2022-11-25,12003.0
2022-12-02,13481.0
2022-12-09,14812.0
2022-12-16,16071.0
2022-12-23,16940.0
2022-12-30,17013.0
2023-01-06,17066.0
2023-01-13,15748.0
2023-01-20,15895.0
2023-01-27,15772.0
2023-02-03,15895.0
2023-02-10,16703.0
2023-02-17,19117.0
2023-02-24,19410.0
2023-03-03,18980.0
2023-03-10,17338.0
2023-03-17,15974.0
2023-03-24,14160.0
2023-03-31,12488.0
2023-04-07,12391.0
2023-04-14,12324.0
2023-04-21,12585.0
2023-04-28,12115.0
2023-05-05,11917.0
2023-05-12,12305.0
2023-05-19,11497.0
2023-05-26,11182.0
2023-06-02,11815.0
2023-06-09,12252.0
2023-06-16,11804.0
2023-06-23,11949.0
2023-06-30,11387.0
2023-07-07,12671.0
2023-07-14,14201.0
2023-07-21,13245.0
2023-07-28,13204.0
2023-08-04,14038.0
2023-08-11,13820.0
2023-08-18,15074.0
2023-08-25,15961.0
2023-09-01,15551.0
2023-09-08,15630.0
2023-09-15,15703.0
2023-09-22,15391.0
2023-09-29,13957.0
2023-10-06,13964.0
2023-10-13,13713.0
2023-10-20,13142.0
2023-10-27,12002.0
2023-11-03,11134.0
2023-11-10,12055.0
2023-11-17,11610.0
2023-11-24,11883.0
2023-12-01,12536.0
2023-12-08,12471.0
2023-12-15,13368.0
2023-12-22,14814.0
2023-12-29,15981.0
2024-01-05,17069.0
2024-01-12,16484.0
2024-01-19,16145.0
2024-01-26,15806.0
2024-02-02,15606.0
2024-02-09,16394.0
2024-02-16,17529.0
2024-02-23,16862.0
2024-03-01,16096.0
2024-03-08,14408.0
2024-03-15,13837.0
2024-03-22,13942.0
2024-03-29,14404.0
2024-04-05,14507.0
2024-04-12,14199.0
2024-04-19,13627.0
2024-04-26,13603.0
2024-05-03,13561.0
2024-05-10,12416.0
2024-05-17,13029.0
2024-05-24,13302.0
2024-05-31,14680.0
2024-06-07,15286.0
2024-06-14,15530.0
2024-06-21,17078.0
2024-06-28,16709.0
2024-07-05,16444.0
2024-07-12,17312.0
2024-07-19,17006.0
2024-07-26,17689.0
2024-08-02,18892.0
2024-08-09,17878.0
2024-08-16,18392.0
2024-08-23,18575.0
2024-08-30,18506.0
2024-09-06,19491.0
2024-09-13,18247.0
2024-09-20,18923.0
2024-09-27,18337.0
2024-10-04,17485.0
2024-10-11,18034.0
2024-10-18,16997.0
2024-10-25,16104.0
2024-11-01,16980.0
2024-11-08,16649.0
2024-11-15,17422.0
2024-11-22,16593.0
2024-11-29,16914.0
2024-12-06,18242.0
2024-12-13,18070.0
2024-12-20,18590.0
2024-12-27,18219.0
2025-01-03,19567.0
2025-01-10,18306.0
2025-01-17,16414.0
2025-01-24,15450.0
2025-01-31,13601.0
2025-02-07,14578.0
2025-02-14,13576.0
2025-02-21,13600.0
2025-02-28,14935.0
