Date,Weekly East Coast (PADD 1) Ending Stocks of Total Gasoline  (Thousand Barrels)
1983-01-07,
1983-01-14,
1983-01-21,
1983-01-28,
1983-02-04,
1983-02-11,
1983-02-18,
1983-02-25,
1983-03-04,
1983-03-11,
1983-03-18,
1983-03-25,
1983-04-01,
1983-04-08,
1983-04-15,
1983-04-29,
1983-05-13,
1983-05-20,
1983-06-03,
1983-06-10,
1983-06-17,
1983-06-24,
1983-07-01,
1983-07-08,
1983-07-15,
1983-07-22,
1983-07-29,
1983-08-05,
1983-08-12,
1983-08-19,
1983-08-26,
1983-09-02,
1983-09-09,
1983-09-16,
1983-09-23,
1983-09-30,
1983-10-07,
1983-10-14,
1983-10-21,
1983-10-28,
1983-11-04,
1983-11-11,
1983-11-18,
1983-11-25,
1983-12-02,
1983-12-09,
1983-12-16,
1983-12-23,
1983-12-30,
1984-01-06,
1984-01-13,
1984-01-20,
1984-01-27,
1984-02-03,
1984-02-10,
1984-02-17,
1984-02-24,
1984-03-02,
1984-03-09,
1984-03-16,
1984-03-23,
1984-03-30,
1984-04-06,
1984-04-13,
1984-04-20,
1984-04-27,
1984-05-04,
1984-05-11,
1984-05-18,
1984-05-25,
1984-06-01,
1984-06-08,
1984-06-15,
1984-06-22,
1984-06-29,
1984-07-06,
1984-07-13,
1984-07-20,
1984-07-27,
1984-08-03,
1984-08-10,
1984-08-17,
1984-08-24,
1984-08-31,
1984-09-07,
1984-09-14,
1984-09-21,
1984-09-28,
1984-10-05,
1984-10-12,
1984-10-19,
1984-10-26,
1984-11-02,
1984-11-09,
1984-11-16,
1984-11-23,
1984-11-30,
1984-12-07,
1984-12-14,
1984-12-21,
1984-12-28,
1985-01-04,
1985-01-11,
1985-01-18,
1985-01-25,
1985-02-01,
1985-02-08,
1985-02-15,
1985-02-22,
1985-03-01,
1985-03-08,
1985-03-15,
1985-03-22,
1985-03-29,
1985-04-05,
1985-04-12,
1985-04-19,
1985-04-26,
1985-05-03,
1985-05-10,
1985-05-17,
1985-05-24,
1985-05-31,
1985-06-07,
1985-06-14,
1985-06-21,
1985-06-28,
1985-07-05,
1985-07-12,
1985-07-19,
1985-07-26,
1985-08-02,
1985-08-09,
1985-08-16,
1985-08-23,
1985-08-30,
1985-09-06,
1985-09-13,
1985-09-20,
1985-09-27,
1985-10-04,
1985-10-11,
1985-10-18,
1985-10-25,
1985-11-01,
1985-11-08,
1985-11-15,
1985-11-22,
1985-11-29,
1985-12-06,
1985-12-13,
1986-01-03,
1986-01-10,
1986-01-17,
1986-01-24,
1986-01-31,
1986-02-07,
1986-02-14,
1986-02-21,
1986-02-28,
1986-03-07,
1986-03-14,
1986-03-21,
1986-03-28,
1986-04-04,
1986-04-11,
1986-04-18,
1986-04-25,
1986-05-02,
1986-05-09,
1986-05-16,
1986-05-23,
1986-05-30,
1986-06-06,
1986-06-13,
1986-06-20,
1986-06-27,
1986-07-04,
1986-07-11,
1986-07-18,
1986-07-25,
1986-08-01,
1986-08-08,
1986-08-15,
1986-08-22,
1986-08-29,
1986-09-05,
1986-09-12,
1986-09-19,
1986-09-26,
1986-10-03,
1986-10-10,
1986-10-17,
1986-10-24,
1986-10-31,
1986-11-07,
1986-11-14,
1986-11-21,
1986-11-28,
1986-12-05,
1986-12-12,
1986-12-19,
1986-12-26,
1987-01-02,
1987-01-09,
1987-01-16,
1987-01-23,
1987-01-30,
1987-02-06,
1987-02-13,
1987-02-20,
1987-02-27,
1987-03-06,
1987-03-13,
1987-03-20,
1987-03-27,
1987-04-03,
1987-04-10,
1987-04-17,
1987-04-24,
1987-05-01,
1987-05-08,
1987-05-15,
1987-05-22,
1987-05-29,
1987-06-05,
1987-06-12,
1987-06-19,
1987-06-26,
1987-07-03,
1987-07-10,
1987-07-17,
1987-07-24,
1987-07-31,
1987-08-07,
1987-08-14,
1987-08-21,
1987-08-28,
1987-09-04,
1987-09-11,
1987-09-18,
1987-09-25,
1987-10-02,
1987-10-09,
1987-10-16,
1987-10-23,
1987-10-30,
1987-11-06,
1987-11-13,
1987-11-20,
1987-11-27,
1987-12-04,
1987-12-11,
1987-12-18,
1987-12-25,
1988-01-01,
1988-01-08,
1988-01-15,
1988-01-22,
1988-01-29,
1988-02-05,
1988-02-12,
1988-02-19,
1988-02-26,
1988-03-04,
1988-03-11,
1988-03-18,
1988-03-25,
1988-04-01,
1988-04-08,
1988-04-15,
1988-04-22,
1988-04-29,
1988-05-06,
1988-05-13,
1988-05-20,
1988-05-27,
1988-06-03,
1988-06-10,
1988-06-17,
1988-06-24,
1988-07-01,
1988-07-08,
1988-07-15,
1988-07-22,
1988-07-29,
1988-08-05,
1988-08-12,
1988-08-19,
1988-08-26,
1988-09-02,
1988-09-09,
1988-09-16,
1988-09-23,
1988-09-30,
1988-10-07,
1988-10-14,
1988-10-21,
1988-10-28,
1988-11-04,
1988-11-11,
1988-11-18,
1988-11-25,
1988-12-02,
1988-12-09,
1988-12-16,
1988-12-23,
1988-12-30,
1989-01-06,
1989-01-13,
1989-01-20,
1989-01-27,
1989-02-03,
1989-02-10,
1989-02-17,
1989-02-24,
1989-03-03,
1989-03-10,
1989-03-17,
1989-03-24,
1989-03-31,
1989-04-07,
1989-04-14,
1989-04-21,
1989-04-28,
1989-05-05,
1989-05-12,
1989-05-19,
1989-05-26,
1989-06-02,
1989-06-09,
1989-06-16,
1989-06-23,
1989-06-30,
1989-07-07,
1989-07-14,
1989-07-21,
1989-07-28,
1989-08-04,
1989-08-11,
1989-08-18,
1989-08-25,
1989-09-01,
1989-09-08,
1989-09-15,
1989-09-22,
1989-09-29,
1989-10-06,
1989-10-13,
1989-10-20,
1989-10-27,
1989-11-03,
1989-11-10,
1989-11-17,
1989-11-24,
1989-12-01,
1989-12-08,
1989-12-15,
1989-12-22,
1989-12-29,
1990-01-05,55589.0
1990-01-12,56182.0
1990-01-19,56536.0
1990-01-26,60451.0
1990-02-02,61442.0
1990-02-09,64515.0
1990-02-16,64716.0
1990-02-23,68821.0
1990-03-02,69075.0
1990-03-09,69841.0
1990-03-16,68903.0
1990-03-23,67175.0
1990-03-30,64081.0
1990-04-06,64139.0
1990-04-13,63359.0
1990-04-20,63397.0
1990-04-27,62020.0
1990-05-04,63187.0
1990-05-11,62899.0
1990-05-18,62285.0
1990-05-25,62763.0
1990-06-01,62912.0
1990-06-08,61845.0
1990-06-15,60526.0
1990-06-22,60893.0
1990-06-29,60722.0
1990-07-06,59965.0
1990-07-13,59379.0
1990-07-20,60023.0
1990-07-27,59896.0
1990-08-03,61387.0
1990-08-10,59432.0
1990-08-17,62845.0
1990-08-24,60420.0
1990-08-31,60226.0
1990-09-07,60606.0
1990-09-14,61405.0
1990-09-21,61306.0
1990-09-28,62042.0
1990-10-05,61688.0
1990-10-12,61724.0
1990-10-19,60727.0
1990-10-26,58401.0
1990-11-02,59343.0
1990-11-09,58449.0
1990-11-16,56908.0
1990-11-23,56438.0
1990-11-30,57548.0
1990-12-07,58074.0
1990-12-14,58955.0
1990-12-21,57798.0
1990-12-28,59629.0
1991-01-04,59851.0
1991-01-11,60534.0
1991-01-18,61348.0
1991-01-25,61870.0
1991-02-01,61961.0
1991-02-08,61174.0
1991-02-15,61127.0
1991-02-22,58459.0
1991-03-01,55480.0
1991-03-08,55465.0
1991-03-15,53206.0
1991-03-22,52325.0
1991-03-29,55021.0
1991-04-05,54215.0
1991-04-12,55555.0
1991-04-19,56866.0
1991-04-26,55976.0
1991-05-03,58290.0
1991-05-10,57067.0
1991-05-17,59362.0
1991-05-24,59744.0
1991-05-31,61843.0
1991-06-07,61309.0
1991-06-14,61832.0
1991-06-21,61178.0
1991-06-28,61795.0
1991-07-05,59189.0
1991-07-12,58948.0
1991-07-19,58238.0
1991-07-26,56445.0
1991-08-02,54858.0
1991-08-09,53932.0
1991-08-16,53665.0
1991-08-23,54435.0
1991-08-30,55182.0
1991-09-06,57116.0
1991-09-13,57069.0
1991-09-20,57885.0
1991-09-27,58423.0
1991-10-04,58614.0
1991-10-11,57925.0
1991-10-18,57099.0
1991-10-25,53949.0
1991-11-01,53812.0
1991-11-08,52192.0
1991-11-15,51346.0
1991-11-22,52688.0
1991-11-29,54847.0
1991-12-06,57153.0
1991-12-13,58229.0
1991-12-20,56488.0
1991-12-27,55396.0
1992-01-03,56439.0
1992-01-10,57984.0
1992-01-17,60851.0
1992-01-24,61107.0
1992-01-31,61842.0
1992-02-07,61800.0
1992-02-14,62443.0
1992-02-21,62829.0
1992-02-28,66211.0
1992-03-06,64765.0
1992-03-13,65659.0
1992-03-20,63156.0
1992-03-27,63864.0
1992-04-03,63769.0
1992-04-10,63850.0
1992-04-17,66821.0
1992-04-24,66939.0
1992-05-01,66102.0
1992-05-08,66386.0
1992-05-15,67441.0
1992-05-22,67012.0
1992-05-29,66053.0
1992-06-05,64970.0
1992-06-12,66813.0
1992-06-19,68090.0
1992-06-26,67903.0
1992-07-03,67189.0
1992-07-10,66012.0
1992-07-17,64518.0
1992-07-24,62673.0
1992-07-31,60717.0
1992-08-07,60040.0
1992-08-14,58232.0
1992-08-21,56002.0
1992-08-28,54217.0
1992-09-04,53422.0
1992-09-11,52930.0
1992-09-18,54664.0
1992-09-25,55287.0
1992-10-02,56065.0
1992-10-09,57463.0
1992-10-16,56044.0
1992-10-23,57075.0
1992-10-30,55396.0
1992-11-06,55649.0
1992-11-13,54723.0
1992-11-20,56891.0
1992-11-27,56971.0
1992-12-04,59658.0
1992-12-11,61376.0
1992-12-18,61092.0
1992-12-25,60024.0
1993-01-01,59870.0
1993-01-08,62547.0
1993-01-15,63411.0
1993-01-22,64989.0
1993-01-29,67213.0
1993-02-05,67701.0
1993-02-12,66979.0
1993-02-19,68152.0
1993-02-26,68448.0
1993-03-05,68555.0
1993-03-12,67548.0
1993-03-19,65481.0
1993-03-26,64983.0
1993-04-02,63958.0
1993-04-09,64316.0
1993-04-16,63460.0
1993-04-23,64075.0
1993-04-30,63235.0
1993-05-07,63585.0
1993-05-14,61319.0
1993-05-21,65629.0
1993-05-28,68463.0
1993-06-04,66887.0
1993-06-11,66459.0
1993-06-18,66479.0
1993-06-25,65348.0
1993-07-02,63228.0
1993-07-09,63241.0
1993-07-16,62728.0
1993-07-23,60618.0
1993-07-30,62785.0
1993-08-06,60856.0
1993-08-13,59358.0
1993-08-20,58154.0
1993-08-27,57817.0
1993-09-03,57756.0
1993-09-10,56938.0
1993-09-17,57733.0
1993-09-24,56983.0
1993-10-01,58887.0
1993-10-08,57072.0
1993-10-15,56388.0
1993-10-22,57099.0
1993-10-29,58620.0
1993-11-05,57744.0
1993-11-12,59546.0
1993-11-19,59854.0
1993-11-26,62495.0
1993-12-03,62765.0
1993-12-10,63509.0
1993-12-17,65667.0
1993-12-24,64979.0
1993-12-31,65574.0
1994-01-07,65729.0
1994-01-14,66703.0
1994-01-21,65174.0
1994-01-28,65594.0
1994-02-04,65010.0
1994-02-11,63282.0
1994-02-18,63437.0
1994-02-25,64076.0
1994-03-04,64264.0
1994-03-11,64749.0
1994-03-18,65131.0
1994-03-25,63490.0
1994-04-01,60414.0
1994-04-08,60937.0
1994-04-15,58696.0
1994-04-22,61956.0
1994-04-29,60605.0
1994-05-06,63925.0
1994-05-13,63574.0
1994-05-20,63442.0
1994-05-27,63154.0
1994-06-03,63542.0
1994-06-10,63994.0
1994-06-17,64495.0
1994-06-24,64179.0
1994-07-01,64486.0
1994-07-08,63063.0
1994-07-15,60885.0
1994-07-22,59182.0
1994-07-29,58532.0
1994-08-05,58130.0
1994-08-12,55634.0
1994-08-19,56791.0
1994-08-26,56841.0
1994-09-02,55227.0
1994-09-09,56160.0
1994-09-16,55442.0
1994-09-23,54833.0
1994-09-30,55509.0
1994-10-07,55820.0
1994-10-14,55159.0
1994-10-21,53329.0
1994-10-28,49003.0
1994-11-04,50008.0
1994-11-11,52106.0
1994-11-18,53572.0
1994-11-25,56244.0
1994-12-02,59403.0
1994-12-09,58523.0
1994-12-16,56501.0
1994-12-23,56529.0
1994-12-30,55814.0
1995-01-06,57570.0
1995-01-13,55678.0
1995-01-20,56887.0
1995-01-27,57352.0
1995-02-03,56063.0
1995-02-10,55560.0
1995-02-17,57133.0
1995-02-24,56430.0
1995-03-03,57773.0
1995-03-10,60635.0
1995-03-17,58439.0
1995-03-24,60201.0
1995-03-31,58151.0
1995-04-07,58364.0
1995-04-14,55976.0
1995-04-21,55876.0
1995-04-28,56255.0
1995-05-05,57019.0
1995-05-12,55462.0
1995-05-19,55653.0
1995-05-26,57725.0
1995-06-02,56076.0
1995-06-09,55398.0
1995-06-16,56830.0
1995-06-23,55702.0
1995-06-30,56232.0
1995-07-07,55882.0
1995-07-14,56001.0
1995-07-21,56373.0
1995-07-28,56218.0
1995-08-04,56200.0
1995-08-11,56790.0
1995-08-18,53226.0
1995-08-25,51979.0
1995-09-01,51666.0
1995-09-08,51755.0
1995-09-15,50421.0
1995-09-22,50727.0
1995-09-29,54590.0
1995-10-06,53681.0
1995-10-13,53818.0
1995-10-20,54496.0
1995-10-27,53990.0
1995-11-03,54291.0
1995-11-10,52174.0
1995-11-17,52367.0
1995-11-24,50978.0
1995-12-01,52731.0
1995-12-08,52693.0
1995-12-15,52983.0
1995-12-22,51457.0
1995-12-29,55769.0
1996-01-05,54970.0
1996-01-12,58547.0
1996-01-19,60333.0
1996-01-26,60022.0
1996-02-02,61848.0
1996-02-09,60718.0
1996-02-16,59298.0
1996-02-23,57909.0
1996-03-01,59075.0
1996-03-08,56785.0
1996-03-15,56266.0
1996-03-22,55826.0
1996-03-29,55832.0
1996-04-05,54797.0
1996-04-12,53918.0
1996-04-19,54281.0
1996-04-26,53455.0
1996-05-03,55468.0
1996-05-10,55995.0
1996-05-17,58096.0
1996-05-24,58891.0
1996-05-31,59669.0
1996-06-07,58893.0
1996-06-14,59970.0
1996-06-21,60000.0
1996-06-28,58029.0
1996-07-05,56263.0
1996-07-12,55742.0
1996-07-19,56075.0
1996-07-26,54170.0
1996-08-02,54184.0
1996-08-09,55030.0
1996-08-16,55030.0
1996-08-23,53833.0
1996-08-30,53306.0
1996-09-06,52280.0
1996-09-13,51288.0
1996-09-20,51919.0
1996-09-27,53197.0
1996-10-04,54056.0
1996-10-11,52266.0
1996-10-18,52257.0
1996-10-25,50318.0
1996-11-01,52598.0
1996-11-08,51154.0
1996-11-15,48945.0
1996-11-22,48764.0
1996-11-29,49895.0
1996-12-06,52117.0
1996-12-13,51258.0
1996-12-20,49511.0
1996-12-27,48728.0
1997-01-03,52680.0
1997-01-10,55010.0
1997-01-17,52802.0
1997-01-24,52758.0
1997-01-31,54633.0
1997-02-07,57300.0
1997-02-14,58796.0
1997-02-21,56292.0
1997-02-28,55134.0
1997-03-07,56364.0
1997-03-14,55711.0
1997-03-21,55464.0
1997-03-28,55152.0
1997-04-04,54879.0
1997-04-11,56017.0
1997-04-18,53844.0
1997-04-25,53257.0
1997-05-02,51894.0
1997-05-09,53861.0
1997-05-16,56087.0
1997-05-23,57458.0
1997-05-30,59002.0
1997-06-06,59468.0
1997-06-13,61065.0
1997-06-20,61043.0
1997-06-27,59428.0
1997-07-04,59611.0
1997-07-11,57136.0
1997-07-18,55258.0
1997-07-25,52972.0
1997-08-01,53233.0
1997-08-08,53154.0
1997-08-15,51834.0
1997-08-22,51691.0
1997-08-29,51172.0
1997-09-05,51669.0
1997-09-12,52288.0
1997-09-19,54311.0
1997-09-26,53671.0
1997-10-03,54079.0
1997-10-10,53482.0
1997-10-17,54701.0
1997-10-24,55449.0
1997-10-31,56083.0
1997-11-07,54369.0
1997-11-14,55260.0
1997-11-21,53899.0
1997-11-28,56200.0
1997-12-05,55232.0
1997-12-12,55346.0
1997-12-19,55327.0
1997-12-26,55318.0
1998-01-02,56812.0
1998-01-09,57217.0
1998-01-16,57382.0
1998-01-23,58902.0
1998-01-30,60506.0
1998-02-06,61379.0
1998-02-13,60830.0
1998-02-20,61364.0
1998-02-27,59591.0
1998-03-06,60380.0
1998-03-13,57314.0
1998-03-20,56160.0
1998-03-27,58674.0
1998-04-03,57531.0
1998-04-10,57179.0
1998-04-17,58212.0
1998-04-24,59570.0
1998-05-01,61011.0
1998-05-08,63021.0
1998-05-15,61579.0
1998-05-22,64790.0
1998-05-29,65105.0
1998-06-05,64802.0
1998-06-12,65201.0
1998-06-19,66327.0
1998-06-26,65172.0
1998-07-03,65572.0
1998-07-10,65414.0
1998-07-17,64803.0
1998-07-24,63960.0
1998-07-31,61957.0
1998-08-07,59924.0
1998-08-14,58626.0
1998-08-21,57979.0
1998-08-28,57223.0
1998-09-04,56554.0
1998-09-11,57082.0
1998-09-18,57188.0
1998-09-25,54823.0
1998-10-02,55698.0
1998-10-09,56128.0
1998-10-16,54575.0
1998-10-23,53109.0
1998-10-30,52941.0
1998-11-06,54089.0
1998-11-13,56326.0
1998-11-20,57429.0
1998-11-27,58541.0
1998-12-04,60611.0
1998-12-11,62869.0
1998-12-18,60955.0
1998-12-25,60171.0
1999-01-01,60780.0
1999-01-08,61888.0
1999-01-15,63580.0
1999-01-22,63031.0
1999-01-29,64487.0
1999-02-05,66285.0
1999-02-12,66524.0
1999-02-19,66900.0
1999-02-26,64790.0
1999-03-05,66522.0
1999-03-12,66227.0
1999-03-19,66317.0
1999-03-26,65780.0
1999-04-02,64198.0
1999-04-09,65827.0
1999-04-16,64575.0
1999-04-23,65747.0
1999-04-30,64355.0
1999-05-07,67913.0
1999-05-14,68533.0
1999-05-21,66167.0
1999-05-28,68109.0
1999-06-04,70708.0
1999-06-11,70024.0
1999-06-18,69656.0
1999-06-25,67435.0
1999-07-02,66490.0
1999-07-09,63796.0
1999-07-16,61312.0
1999-07-23,59080.0
1999-07-30,57679.0
1999-08-06,56530.0
1999-08-13,56038.0
1999-08-20,56104.0
1999-08-27,55699.0
1999-09-03,54275.0
1999-09-10,53596.0
1999-09-17,53253.0
1999-09-24,53355.0
1999-10-01,53350.0
1999-10-08,54239.0
1999-10-15,55645.0
1999-10-22,57156.0
1999-10-29,56266.0
1999-11-05,55975.0
1999-11-12,53930.0
1999-11-19,53806.0
1999-11-26,52679.0
1999-12-03,54943.0
1999-12-10,52815.0
1999-12-17,53097.0
1999-12-24,51659.0
1999-12-31,51309.0
2000-01-07,52955.0
2000-01-14,56099.0
2000-01-21,56457.0
2000-01-28,57506.0
2000-02-04,57275.0
2000-02-11,54908.0
2000-02-18,52257.0
2000-02-25,51864.0
2000-03-03,53589.0
2000-03-10,52693.0
2000-03-17,54903.0
2000-03-24,56685.0
2000-03-31,57654.0
2000-04-07,57222.0
2000-04-14,57337.0
2000-04-21,57137.0
2000-04-28,59159.0
2000-05-05,57064.0
2000-05-12,58299.0
2000-05-19,57808.0
2000-05-26,56791.0
2000-06-02,57779.0
2000-06-09,57404.0
2000-06-16,57856.0
2000-06-23,56430.0
2000-06-30,56531.0
2000-07-07,56755.0
2000-07-14,55561.0
2000-07-21,56530.0
2000-07-28,55009.0
2000-08-04,54695.0
2000-08-11,53345.0
2000-08-18,51617.0
2000-08-25,50976.0
2000-09-01,51332.0
2000-09-08,48795.0
2000-09-15,48563.0
2000-09-22,48753.0
2000-09-29,52386.0
2000-10-06,52144.0
2000-10-13,50571.0
2000-10-20,48731.0
2000-10-27,46508.0
2000-11-03,45514.0
2000-11-10,47156.0
2000-11-17,46920.0
2000-11-24,48752.0
2000-12-01,50242.0
2000-12-08,53708.0
2000-12-15,55844.0
2000-12-22,56503.0
2000-12-29,53366.0
2001-01-05,54269.0
2001-01-12,54195.0
2001-01-19,54934.0
2001-01-26,56036.0
2001-02-02,56109.0
2001-02-09,54964.0
2001-02-16,55119.0
2001-02-23,56154.0
2001-03-02,57024.0
2001-03-09,55983.0
2001-03-16,53275.0
2001-03-23,53823.0
2001-03-30,52573.0
2001-04-06,51447.0
2001-04-13,51931.0
2001-04-20,52781.0
2001-04-27,52457.0
2001-05-04,52923.0
2001-05-11,54608.0
2001-05-18,53775.0
2001-05-25,54769.0
2001-06-01,56344.0
2001-06-08,58603.0
2001-06-15,61495.0
2001-06-22,62795.0
2001-06-29,60735.0
2001-07-06,61975.0
2001-07-13,63280.0
2001-07-20,62212.0
2001-07-27,61212.0
2001-08-03,60789.0
2001-08-10,60308.0
2001-08-17,56795.0
2001-08-24,54886.0
2001-08-31,54013.0
2001-09-07,53724.0
2001-09-14,49835.0
2001-09-21,51753.0
2001-09-28,53959.0
2001-10-05,55475.0
2001-10-12,52755.0
2001-10-19,53692.0
2001-10-26,53730.0
2001-11-02,55545.0
2001-11-09,54031.0
2001-11-16,54117.0
2001-11-23,54248.0
2001-11-30,56079.0
2001-12-07,56329.0
2001-12-14,56994.0
2001-12-21,55911.0
2001-12-28,55614.0
2002-01-04,58180.0
2002-01-11,57673.0
2002-01-18,58995.0
2002-01-25,59960.0
2002-02-01,60501.0
2002-02-08,58057.0
2002-02-15,58592.0
2002-02-22,57142.0
2002-03-01,56084.0
2002-03-08,56052.0
2002-03-15,57245.0
2002-03-22,56119.0
2002-03-29,57613.0
2002-04-05,59563.0
2002-04-12,57006.0
2002-04-19,58994.0
2002-04-26,58727.0
2002-05-03,61162.0
2002-05-10,62728.0
2002-05-17,61675.0
2002-05-24,63231.0
2002-05-31,62963.0
2002-06-07,61299.0
2002-06-14,62867.0
2002-06-21,63928.0
2002-06-28,63976.0
2002-07-05,62181.0
2002-07-12,60006.0
2002-07-19,59629.0
2002-07-26,59292.0
2002-08-02,57986.0
2002-08-09,56152.0
2002-08-16,57354.0
2002-08-23,56003.0
2002-08-30,56070.0
2002-09-06,56422.0
2002-09-13,54850.0
2002-09-20,56183.0
2002-09-27,55903.0
2002-10-04,53805.0
2002-10-11,51606.0
2002-10-18,50214.0
2002-10-25,50346.0
2002-11-01,48433.0
2002-11-08,49932.0
2002-11-15,48402.0
2002-11-22,49189.0
2002-11-29,50580.0
2002-12-06,51451.0
2002-12-13,52688.0
2002-12-20,52718.0
2002-12-27,53340.0
2003-01-03,55744.0
2003-01-10,59460.0
2003-01-17,58908.0
2003-01-24,59316.0
2003-01-31,58678.0
2003-02-07,59664.0
2003-02-14,58967.0
2003-02-21,57503.0
2003-02-28,55573.0
2003-03-07,53268.0
2003-03-14,51215.0
2003-03-21,50225.0
2003-03-28,52055.0
2003-04-04,54187.0
2003-04-11,53255.0
2003-04-18,53169.0
2003-04-25,55653.0
2003-05-02,56666.0
2003-05-09,57752.0
2003-05-16,58325.0
2003-05-23,56099.0
2003-05-30,56649.0
2003-06-06,58733.0
2003-06-13,59860.0
2003-06-20,60306.0
2003-06-27,57878.0
2003-07-04,57515.0
2003-07-11,60280.0
2003-07-18,59124.0
2003-07-25,56035.0
2003-08-01,56026.0
2003-08-08,52814.0
2003-08-15,51745.0
2003-08-22,49475.0
2003-08-29,49496.0
2003-09-05,50560.0
2003-09-12,51167.0
2003-09-19,50619.0
2003-09-26,50847.0
2003-10-03,52007.0
2003-10-10,49568.0
2003-10-17,50854.0
2003-10-24,49614.0
2003-10-31,49387.0
2003-11-07,48349.0
2003-11-14,47784.0
2003-11-21,47655.0
2003-11-28,50020.0
2003-12-05,51441.0
2003-12-12,52532.0
2003-12-19,54840.0
2003-12-26,54597.0
2004-01-02,55067.0
2004-01-09,54187.0
2004-01-16,53660.0
2004-01-23,51062.0
2004-01-30,52157.0
2004-02-06,52189.0
2004-02-13,50631.0
2004-02-20,49275.0
2004-02-27,48234.0
2004-03-05,48658.0
2004-03-12,49027.0
2004-03-19,51065.0
2004-03-26,54435.0
2004-04-02,54884.0
2004-04-09,53549.0
2004-04-16,54656.0
2004-04-23,55903.0
2004-04-30,55084.0
2004-05-07,55326.0
2004-05-14,55978.0
2004-05-21,54517.0
2004-05-28,54378.0
2004-06-04,54372.0
2004-06-11,54368.0
2004-06-18,52714.0
2004-06-25,55823.0
2004-07-02,54800.0
2004-07-09,55266.0
2004-07-16,56791.0
2004-07-23,55858.0
2004-07-30,56638.0
2004-08-06,54858.0
2004-08-13,54991.0
2004-08-20,54463.0
2004-08-27,54287.0
2004-09-03,52493.0
2004-09-10,52606.0
2004-09-17,50638.0
2004-09-24,52235.0
2004-10-01,51554.0
2004-10-08,51330.0
2004-10-15,51460.0
2004-10-22,53465.0
2004-10-29,53794.0
2004-11-05,52921.0
2004-11-12,54273.0
2004-11-19,51825.0
2004-11-26,54884.0
2004-12-03,55568.0
2004-12-10,54798.0
2004-12-17,54254.0
2004-12-24,56875.0
2004-12-31,58781.0
2005-01-07,59113.0
2005-01-14,59453.0
2005-01-21,58483.0
2005-01-28,58289.0
2005-02-04,56816.0
2005-02-11,58469.0
2005-02-18,59689.0
2005-02-25,59379.0
2005-03-04,59691.0
2005-03-11,60351.0
2005-03-18,59054.0
2005-03-25,58242.0
2005-04-01,57076.0
2005-04-08,59062.0
2005-04-15,58618.0
2005-04-22,59594.0
2005-04-29,60119.0
2005-05-06,59973.0
2005-05-13,60949.0
2005-05-20,61582.0
2005-05-27,60750.0
2005-06-03,60973.0
2005-06-10,62203.0
2005-06-17,60519.0
2005-06-24,62108.0
2005-07-01,59744.0
2005-07-08,57690.0
2005-07-15,59571.0
2005-07-22,58778.0
2005-07-29,56042.0
2005-08-05,56378.0
2005-08-12,55170.0
2005-08-19,52214.0
2005-08-26,53378.0
2005-09-02,49235.0
2005-09-09,50017.0
2005-09-16,51154.0
2005-09-23,53634.0
2005-09-30,52535.0
2005-10-07,51882.0
2005-10-14,52524.0
2005-10-21,52664.0
2005-10-28,52520.0
2005-11-04,54988.0
2005-11-11,54032.0
2005-11-18,55566.0
2005-11-25,54567.0
2005-12-02,54513.0
2005-12-09,54241.0
2005-12-16,53132.0
2005-12-23,51848.0
2005-12-30,51000.0
2006-01-06,53147.0
2006-01-13,53044.0
2006-01-20,54774.0
2006-01-27,56807.0
2006-02-03,56582.0
2006-02-10,57408.0
2006-02-17,57355.0
2006-02-24,59347.0
2006-03-03,58382.0
2006-03-10,59687.0
2006-03-17,60019.0
2006-03-24,58859.0
2006-03-31,55759.0
2006-04-07,51922.0
2006-04-14,48429.0
2006-04-21,47468.0
2006-04-28,48609.0
2006-05-05,50838.0
2006-05-12,52406.0
2006-05-19,56069.0
2006-05-26,56778.0
2006-06-02,56162.0
2006-06-09,59212.0
2006-06-16,58853.0
2006-06-23,57439.0
2006-06-30,57376.0
2006-07-07,54592.0
2006-07-14,55724.0
2006-07-21,54724.0
2006-07-28,54406.0
2006-08-04,53195.0
2006-08-11,52754.0
2006-08-18,53098.0
2006-08-25,54395.0
2006-09-01,54380.0
2006-09-08,55730.0
2006-09-15,54474.0
2006-09-22,58188.0
2006-09-29,59381.0
2006-10-06,58817.0
2006-10-13,56959.0
2006-10-20,55483.0
2006-10-27,53515.0
2006-11-03,53112.0
2006-11-10,53045.0
2006-11-17,54025.0
2006-11-24,53930.0
2006-12-01,50814.0
2006-12-08,51264.0
2006-12-15,50544.0
2006-12-22,51781.0
2006-12-29,54538.0
2007-01-05,54803.0
2007-01-12,56374.0
2007-01-19,57939.0
2007-01-26,60231.0
2007-02-02,62353.0
2007-02-09,60455.0
2007-02-16,60944.0
2007-02-23,57660.0
2007-03-02,56080.0
2007-03-09,56781.0
2007-03-16,55281.0
2007-03-23,56539.0
2007-03-30,56765.0
2007-04-06,54328.0
2007-04-13,52837.0
2007-04-20,52690.0
2007-04-27,53247.0
2007-05-04,52573.0
2007-05-11,51898.0
2007-05-18,52489.0
2007-05-25,52286.0
2007-06-01,51548.0
2007-06-08,49845.0
2007-06-15,50621.0
2007-06-22,50735.0
2007-06-29,52875.0
2007-07-06,54533.0
2007-07-13,56403.0
2007-07-20,55319.0
2007-07-27,55204.0
2007-08-03,54295.0
2007-08-10,53596.0
2007-08-17,52155.0
2007-08-24,50064.0
2007-08-31,49599.0
2007-09-07,49175.0
2007-09-14,48676.0
2007-09-21,50788.0
2007-09-28,50418.0
2007-10-05,50177.0
2007-10-12,50244.0
2007-10-19,49852.0
2007-10-26,49989.0
2007-11-02,49459.0
2007-11-09,49126.0
2007-11-16,49393.0
2007-11-23,50752.0
2007-11-30,51593.0
2007-12-07,52740.0
2007-12-14,52989.0
2007-12-21,53905.0
2007-12-28,54746.0
2008-01-04,57970.0
2008-01-11,57916.0
2008-01-18,61807.0
2008-01-25,62053.0
2008-02-01,64096.0
2008-02-08,65889.0
2008-02-15,63884.0
2008-02-22,63873.0
2008-02-29,66191.0
2008-03-07,64427.0
2008-03-14,65000.0
2008-03-21,62622.0
2008-03-28,61453.0
2008-04-04,60102.0
2008-04-11,58993.0
2008-04-18,55622.0
2008-04-25,56326.0
2008-05-02,58401.0
2008-05-09,58264.0
2008-05-16,58089.0
2008-05-23,55313.0
2008-05-30,55310.0
2008-06-06,57086.0
2008-06-13,56550.0
2008-06-20,58257.0
2008-06-27,58996.0
2008-07-04,59141.0
2008-07-11,59912.0
2008-07-18,60972.0
2008-07-25,59808.0
2008-08-01,58833.0
2008-08-08,57647.0
2008-08-15,55332.0
2008-08-22,53906.0
2008-08-29,51880.0
2008-09-05,49608.0
2008-09-12,46388.0
2008-09-19,44803.0
2008-09-26,43919.0
2008-10-03,45347.0
2008-10-10,46978.0
2008-10-17,49805.0
2008-10-24,48980.0
2008-10-31,48645.0
2008-11-07,49970.0
2008-11-14,51595.0
2008-11-21,52044.0
2008-11-28,51764.0
2008-12-05,55539.0
2008-12-12,56057.0
2008-12-19,58169.0
2008-12-26,60488.0
2009-01-02,62863.0
2009-01-09,61191.0
2009-01-16,63029.0
2009-01-23,61234.0
2009-01-30,61840.0
2009-02-06,59494.0
2009-02-13,59953.0
2009-02-20,58837.0
2009-02-27,55452.0
2009-03-06,53309.0
2009-03-13,55796.0
2009-03-20,55907.0
2009-03-27,58107.0
2009-04-03,56197.0
2009-04-10,56659.0
2009-04-17,56836.0
2009-04-24,55615.0
2009-05-01,57149.0
2009-05-08,54477.0
2009-05-15,53702.0
2009-05-22,52684.0
2009-05-29,52575.0
2009-06-05,52120.0
2009-06-12,53860.0
2009-06-19,54761.0
2009-06-26,55178.0
2009-07-03,55142.0
2009-07-10,55685.0
2009-07-17,56512.0
2009-07-24,56059.0
2009-07-31,56163.0
2009-08-07,56505.0
2009-08-14,55545.0
2009-08-21,54201.0
2009-08-28,53465.0
2009-09-04,54592.0
2009-09-11,54061.0
2009-09-18,56537.0
2009-09-25,55556.0
2009-10-02,58662.0
2009-10-09,57827.0
2009-10-16,55656.0
2009-10-23,55788.0
2009-10-30,55966.0
2009-11-06,56624.0
2009-11-13,55191.0
2009-11-20,56191.0
2009-11-27,56184.0
2009-12-04,57876.0
2009-12-11,59626.0
2009-12-18,58855.0
2009-12-25,59283.0
2010-01-01,59250.0
2010-01-08,61067.0
2010-01-15,61357.0
2010-01-22,61666.0
2010-01-29,58798.0
2010-02-05,60487.0
2010-02-12,62079.0
2010-02-19,61863.0
2010-02-26,60305.0
2010-03-05,60320.0
2010-03-12,59951.0
2010-03-19,59235.0
2010-03-26,58536.0
2010-04-02,55501.0
2010-04-09,56140.0
2010-04-16,56292.0
2010-04-23,56377.0
2010-04-30,58534.0
2010-05-07,57725.0
2010-05-14,58522.0
2010-05-21,59570.0
2010-05-28,59653.0
2010-06-04,60666.0
2010-06-11,59393.0
2010-06-18,58676.0
2010-06-25,60218.0
2010-07-02,60820.0
2010-07-09,61118.0
2010-07-16,61568.0
2010-07-23,61329.0
2010-07-30,61624.0
2010-08-06,61356.0
2010-08-13,61951.0
2010-08-20,62673.0
2010-08-27,64005.0
2010-09-03,62439.0
2010-09-10,61476.0
2010-09-17,61828.0
2010-09-24,57872.0
2010-10-01,55612.0
2010-10-08,54042.0
2010-10-15,53491.0
2010-10-22,52609.0
2010-10-29,51705.0
2010-11-05,50464.0
2010-11-12,50239.0
2010-11-19,51700.0
2010-11-26,50763.0
2010-12-03,52407.0
2010-12-10,54285.0
2010-12-17,54397.0
2010-12-24,52650.0
2010-12-31,53346.0
2011-01-07,53429.0
2011-01-14,55452.0
2011-01-21,57556.0
2011-01-28,60033.0
2011-02-04,64439.0
2011-02-11,64636.0
2011-02-18,64817.0
2011-02-25,63860.0
2011-03-04,63005.0
2011-03-11,62442.0
2011-03-18,60405.0
2011-03-25,58457.0
2011-04-01,55548.0
2011-04-08,52543.0
2011-04-15,51337.0
2011-04-22,49674.0
2011-04-29,47999.0
2011-05-06,51507.0
2011-05-13,50842.0
2011-05-20,53109.0
2011-05-27,53326.0
2011-06-03,54731.0
2011-06-10,56573.0
2011-06-17,56250.0
2011-06-24,55278.0
2011-07-01,55346.0
2011-07-08,55800.0
2011-07-15,55696.0
2011-07-22,55880.0
2011-07-29,55434.0
2011-08-05,55438.0
2011-08-12,55044.0
2011-08-19,55026.0
2011-08-26,54206.0
2011-09-02,53371.0
2011-09-09,54098.0
2011-09-16,53912.0
2011-09-23,56333.0
2011-09-30,55329.0
2011-10-07,53758.0
2011-10-14,51638.0
2011-10-21,52882.0
2011-10-28,52826.0
2011-11-04,51101.0
2011-11-11,51332.0
2011-11-18,54248.0
2011-11-25,54620.0
2011-12-02,57223.0
2011-12-09,59102.0
2011-12-16,57759.0
2011-12-23,57751.0
2011-12-30,56738.0
2012-01-06,57985.0
2012-01-13,59092.0
2012-01-20,59926.0
2012-01-27,62626.0
2012-02-03,62633.0
2012-02-10,61903.0
2012-02-17,64093.0
2012-02-24,62573.0
2012-03-02,61484.0
2012-03-09,62123.0
2012-03-16,60499.0
2012-03-23,58691.0
2012-03-30,58856.0
2012-04-06,56937.0
2012-04-13,54633.0
2012-04-20,54298.0
2012-04-27,53453.0
2012-05-04,53729.0
2012-05-11,53680.0
2012-05-18,53606.0
2012-05-25,53831.0
2012-06-01,54787.0
2012-06-08,53774.0
2012-06-15,54299.0
2012-06-22,54108.0
2012-06-29,52361.0
2012-07-06,53459.0
2012-07-13,52219.0
2012-07-20,54100.0
2012-07-27,52811.0
2012-08-03,51676.0
2012-08-10,49896.0
2012-08-17,49575.0
2012-08-24,49463.0
2012-08-31,49842.0
2012-09-07,50071.0
2012-09-14,47768.0
2012-09-21,46811.0
2012-09-28,46146.0
2012-10-05,45118.0
2012-10-12,46753.0
2012-10-19,48094.0
2012-10-26,47892.0
2012-11-02,46643.0
2012-11-09,45107.0
2012-11-16,46110.0
2012-11-23,47361.0
2012-11-30,47873.0
2012-12-07,49572.0
2012-12-14,49127.0
2012-12-21,51108.0
2012-12-28,51971.0
2013-01-04,52933.0
2013-01-11,53454.0
2013-01-18,53948.0
2013-01-25,55191.0
2013-02-01,58069.0
2013-02-08,59773.0
2013-02-15,59548.0
2013-02-22,59812.0
2013-03-01,60463.0
2013-03-08,59914.0
2013-03-15,59798.0
2013-03-22,58934.0
2013-03-29,57765.0
2013-04-05,59306.0
2013-04-12,59980.0
2013-04-19,60550.0
2013-04-26,61725.0
2013-05-03,61543.0
2013-05-10,63348.0
2013-05-17,63581.0
2013-05-24,62740.0
2013-05-31,60914.0
2013-06-07,63778.0
2013-06-14,62273.0
2013-06-21,63835.0
2013-06-28,62991.0
2013-07-05,62639.0
2013-07-12,62480.0
2013-07-19,61068.0
2013-07-26,60290.0
2013-08-02,61661.0
2013-08-09,61284.0
2013-08-16,58542.0
2013-08-23,58296.0
2013-08-30,58260.0
2013-09-06,56820.0
2013-09-13,56074.0
2013-09-20,54406.0
2013-09-27,55968.0
2013-10-04,58364.0
2013-10-11,57070.0
2013-10-18,57168.0
2013-10-25,56058.0
2013-11-01,54021.0
2013-11-08,52813.0
2013-11-15,52419.0
2013-11-22,53515.0
2013-11-29,54267.0
2013-12-06,57309.0
2013-12-13,56534.0
2013-12-20,56234.0
2013-12-27,57249.0
2014-01-03,59425.0
2014-01-10,62787.0
2014-01-17,62731.0
2014-01-24,63728.0
2014-01-31,64602.0
2014-02-07,63545.0
2014-02-14,63036.0
2014-02-21,61234.0
2014-02-28,59541.0
2014-03-07,58362.0
2014-03-14,56505.0
2014-03-21,57058.0
2014-03-28,55119.0
2014-04-04,53899.0
2014-04-11,54158.0
2014-04-18,54059.0
2014-04-25,54153.0
2014-05-02,54466.0
2014-05-09,55513.0
2014-05-16,56766.0
2014-05-23,59235.0
2014-05-30,60606.0
2014-06-06,60821.0
2014-06-13,62175.0
2014-06-20,62035.0
2014-06-27,60733.0
2014-07-04,61992.0
2014-07-11,60591.0
2014-07-18,60232.0
2014-07-25,60008.0
2014-08-01,58417.0
2014-08-08,57969.0
2014-08-15,58644.0
2014-08-22,57553.0
2014-08-29,56963.0
2014-09-05,57147.0
2014-09-12,54603.0
2014-09-19,55454.0
2014-09-26,53550.0
2014-10-03,54909.0
2014-10-10,52331.0
2014-10-17,52156.0
2014-10-24,50771.0
2014-10-31,51129.0
2014-11-07,50337.0
2014-11-14,49894.0
2014-11-21,49461.0
2014-11-28,50150.0
2014-12-05,52355.0
2014-12-12,53717.0
2014-12-19,57118.0
2014-12-26,57653.0
2015-01-02,62390.0
2015-01-09,64150.0
2015-01-16,66008.0
2015-01-23,64278.0
2015-01-30,68533.0
2015-02-06,69407.0
2015-02-13,70441.0
2015-02-20,69590.0
2015-02-27,67574.0
2015-03-06,68006.0
2015-03-13,67054.0
2015-03-20,66076.0
2015-03-27,64353.0
2015-04-03,64377.0
2015-04-10,62952.0
2015-04-17,63348.0
2015-04-24,63725.0
2015-05-01,64424.0
2015-05-08,63239.0
2015-05-15,62288.0
2015-05-22,60450.0
2015-05-29,61277.0
2015-06-05,58696.0
2015-06-12,59111.0
2015-06-19,59578.0
2015-06-26,59856.0
2015-07-03,60474.0
2015-07-10,62075.0
2015-07-17,60803.0
2015-07-24,59980.0
2015-07-31,59821.0
2015-08-07,59213.0
2015-08-14,59535.0
2015-08-21,60401.0
2015-08-28,59818.0
2015-09-04,57409.0
2015-09-11,60780.0
2015-09-18,58232.0
2015-09-25,60251.0
2015-10-02,63237.0
2015-10-09,63547.0
2015-10-16,61800.0
2015-10-23,62438.0
2015-10-30,60850.0
2015-11-06,58282.0
2015-11-13,57628.0
2015-11-20,58339.0
2015-11-27,57303.0
2015-12-04,57360.0
2015-12-11,58726.0
2015-12-18,56908.0
2015-12-25,57293.0
2016-01-01,59768.0
2016-01-08,62906.0
2016-01-15,61998.0
2016-01-22,64945.0
2016-01-29,67701.0
2016-02-05,68763.0
2016-02-12,70473.0
2016-02-19,72233.0
2016-02-26,70855.0
2016-03-04,68510.0
2016-03-11,69247.0
2016-03-18,66708.0
2016-03-25,64871.0
2016-04-01,65906.0
2016-04-08,63544.0
2016-04-15,65139.0
2016-04-22,66437.0
2016-04-29,68816.0
2016-05-06,66646.0
2016-05-13,66044.0
2016-05-20,68276.0
2016-05-27,67636.0
2016-06-03,68378.0
2016-06-10,69664.0
2016-06-17,68624.0
2016-06-24,72465.0
2016-07-01,71852.0
2016-07-08,72064.0
2016-07-15,72003.0
2016-07-22,72493.0
2016-07-29,71316.0
2016-08-05,70915.0
2016-08-12,70125.0
2016-08-19,69114.0
2016-08-26,67178.0
2016-09-02,64894.0
2016-09-09,64010.0
2016-09-16,55535.0
2016-09-23,56250.0
2016-09-30,59797.0
2016-10-07,57932.0
2016-10-14,60907.0
2016-10-21,62874.0
2016-10-28,60969.0
2016-11-04,55592.0
2016-11-11,56167.0
2016-11-18,58973.0
2016-11-25,59429.0
2016-12-02,61557.0
2016-12-09,63146.0
2016-12-16,61985.0
2016-12-23,61516.0
2016-12-30,65177.0
2017-01-06,67292.0
2017-01-13,70693.0
2017-01-20,71597.0
2017-01-27,73540.0
2017-02-03,73845.0
2017-02-10,76285.0
2017-02-17,75488.0
2017-02-24,75041.0
2017-03-03,71217.0
2017-03-10,69442.0
2017-03-17,68184.0
2017-03-24,65648.0
2017-03-31,65929.0
2017-04-07,65760.0
2017-04-14,64484.0
2017-04-21,67909.0
2017-04-28,67206.0
2017-05-05,69766.0
2017-05-12,70157.0
2017-05-19,69980.0
2017-05-26,68426.0
2017-06-02,69196.0
2017-06-09,68969.0
2017-06-16,67605.0
2017-06-23,68202.0
2017-06-30,66184.0
2017-07-07,66271.0
2017-07-14,64349.0
2017-07-21,62163.0
2017-07-28,62597.0
2017-08-04,63983.0
2017-08-11,64847.0
2017-08-18,63034.0
2017-08-25,62718.0
2017-09-01,60488.0
2017-09-08,54833.0
2017-09-15,53448.0
2017-09-22,55808.0
2017-09-29,56936.0
2017-10-06,58210.0
2017-10-13,57912.0
2017-10-20,56880.0
2017-10-27,53990.0
2017-11-03,52416.0
2017-11-10,52941.0
2017-11-17,53487.0
2017-11-24,56069.0
2017-12-01,58450.0
2017-12-08,59200.0
2017-12-15,57820.0
2017-12-22,58155.0
2017-12-29,58210.0
2018-01-05,61447.0
2018-01-12,60968.0
2018-01-19,63219.0
2018-01-26,63317.0
2018-02-02,64900.0
2018-02-09,66041.0
2018-02-16,65293.0
2018-02-23,65244.0
2018-03-02,61856.0
2018-03-09,59462.0
2018-03-16,59668.0
2018-03-23,56349.0
2018-03-30,57423.0
2018-04-06,60524.0
2018-04-13,60254.0
2018-04-20,60798.0
2018-04-27,62055.0
2018-05-04,63897.0
2018-05-11,63223.0
2018-05-18,65235.0
2018-05-25,64712.0
2018-06-01,66936.0
2018-06-08,65676.0
2018-06-15,65925.0
2018-06-22,67094.0
2018-06-29,65510.0
2018-07-06,66471.0
2018-07-13,66323.0
2018-07-20,65225.0
2018-07-27,64049.0
2018-08-03,64055.0
2018-08-10,63267.0
2018-08-17,63234.0
2018-08-24,64071.0
2018-08-31,66088.0
2018-09-07,66754.0
2018-09-14,65792.0
2018-09-21,67407.0
2018-09-28,69262.0
2018-10-05,70625.0
2018-10-12,70023.0
2018-10-19,67707.0
2018-10-26,64581.0
2018-11-02,64418.0
2018-11-09,64688.0
2018-11-16,61702.0
2018-11-23,61070.0
2018-11-30,61392.0
2018-12-07,59490.0
2018-12-14,60508.0
2018-12-21,60334.0
2018-12-28,61058.0
2019-01-04,63547.0
2019-01-11,66002.0
2019-01-18,68079.0
2019-01-25,69028.0
2019-02-01,71295.0
2019-02-08,69520.0
2019-02-15,67588.0
2019-02-22,68555.0
2019-03-01,64986.0
2019-03-08,63528.0
2019-03-15,63970.0
2019-03-22,64542.0
2019-03-29,63589.0
2019-04-05,60292.0
2019-04-12,59203.0
2019-04-19,60064.0
2019-04-26,59508.0
2019-05-03,60601.0
2019-05-10,59924.0
2019-05-17,63745.0
2019-05-24,63218.0
2019-05-31,65107.0
2019-06-07,63528.0
2019-06-14,62148.0
2019-06-21,60884.0
2019-06-28,58557.0
2019-07-05,59271.0
2019-07-12,59532.0
2019-07-19,59941.0
2019-07-26,59111.0
2019-08-02,61048.0
2019-08-09,61588.0
2019-08-16,62369.0
2019-08-23,63958.0
2019-08-30,65000.0
2019-09-06,63655.0
2019-09-13,62350.0
2019-09-20,64372.0
2019-09-27,64908.0
2019-10-04,63465.0
2019-10-11,62921.0
2019-10-18,62371.0
2019-10-25,59639.0
2019-11-01,59326.0
2019-11-08,60129.0
2019-11-15,58349.0
2019-11-22,59147.0
2019-11-29,60709.0
2019-12-06,62380.0
2019-12-13,62945.0
2019-12-20,62347.0
2019-12-27,63895.0
2020-01-03,64604.0
2020-01-10,65229.0
2020-01-17,65338.0
2020-01-24,66006.0
2020-01-31,66984.0
2020-02-07,67350.0
2020-02-14,66502.0
2020-02-21,65148.0
2020-02-28,63526.0
2020-03-06,63992.0
2020-03-13,62050.0
2020-03-20,60803.0
2020-03-27,65929.0
2020-04-03,70512.0
2020-04-10,71893.0
2020-04-17,73895.0
2020-04-24,72531.0
2020-05-01,70836.0
2020-05-08,70961.0
2020-05-15,71873.0
2020-05-22,73781.0
2020-05-29,74215.0
2020-06-05,75110.0
2020-06-12,74138.0
2020-06-19,75435.0
2020-06-26,75209.0
2020-07-03,72380.0
2020-07-10,71092.0
2020-07-17,67688.0
2020-07-24,67999.0
2020-07-31,68498.0
2020-08-07,68255.0
2020-08-14,68156.0
2020-08-21,63717.0
2020-08-28,63224.0
2020-09-04,60427.0
2020-09-11,62182.0
2020-09-18,59395.0
2020-09-25,59773.0
2020-10-02,61459.0
2020-10-09,59547.0
2020-10-16,60090.0
2020-10-23,60534.0
2020-10-30,61664.0
2020-11-06,61783.0
2020-11-13,62596.0
2020-11-20,63714.0
2020-11-27,64506.0
2020-12-04,66478.0
2020-12-11,67133.0
2020-12-18,68789.0
2020-12-25,66616.0
2021-01-01,67784.0
2021-01-08,68132.0
2021-01-15,68094.0
2021-01-22,68274.0
2021-01-29,66659.0
2021-02-05,70085.0
2021-02-12,71095.0
2021-02-19,70981.0
2021-02-26,71184.0
2021-03-05,63691.0
2021-03-12,63072.0
2021-03-19,62958.0
2021-03-26,61392.0
2021-04-02,63993.0
2021-04-09,63571.0
2021-04-16,64791.0
2021-04-23,64143.0
2021-04-30,64586.0
2021-05-07,64600.0
2021-05-14,60021.0
2021-05-21,60362.0
2021-05-28,62391.0
2021-06-04,65794.0
2021-06-11,68347.0
2021-06-18,68894.0
2021-06-25,70701.0
2021-07-02,69031.0
2021-07-09,68846.0
2021-07-16,67886.0
2021-07-23,64704.0
2021-07-30,61197.0
2021-08-06,61610.0
2021-08-13,58696.0
2021-08-20,56381.0
2021-08-27,57662.0
2021-09-03,54080.0
2021-09-10,53797.0
2021-09-17,53907.0
2021-09-24,55439.0
2021-10-01,57792.0
2021-10-08,57218.0
2021-10-15,54500.0
2021-10-22,54071.0
2021-10-29,52311.0
2021-11-05,52926.0
2021-11-12,53831.0
2021-11-19,53814.0
2021-11-26,54717.0
2021-12-03,56969.0
2021-12-10,56879.0
2021-12-17,58208.0
2021-12-24,58221.0
2021-12-31,63178.0
2022-01-07,63912.0
2022-01-14,64497.0
2022-01-21,64403.0
2022-01-28,65781.0
2022-02-04,62985.0
2022-02-11,63083.0
2022-02-18,62156.0
2022-02-25,60788.0
2022-03-04,60627.0
2022-03-11,60652.0
2022-03-18,57206.0
2022-03-25,57696.0
2022-04-01,56361.0
2022-04-08,55540.0
2022-04-15,53831.0
2022-04-22,50654.0
2022-04-29,52295.0
2022-05-06,51767.0
2022-05-13,51408.0
2022-05-20,52070.0
2022-05-27,51336.0
2022-06-03,53171.0
2022-06-10,52540.0
2022-06-17,52349.0
2022-06-24,53375.0
2022-07-01,52548.0
2022-07-08,55238.0
2022-07-15,54664.0
2022-07-22,52720.0
2022-07-29,51677.0
2022-08-05,50735.0
2022-08-12,50853.0
2022-08-19,53592.0
2022-08-26,51853.0
2022-09-02,53379.0
2022-09-09,55966.0
2022-09-16,56437.0
2022-09-23,55174.0
2022-09-30,54240.0
2022-10-07,54551.0
2022-10-14,54182.0
2022-10-21,51104.0
2022-10-28,50212.0
2022-11-04,49141.0
2022-11-11,49253.0
2022-11-18,47069.0
2022-11-25,49201.0
2022-12-02,50551.0
2022-12-09,52510.0
2022-12-16,55855.0
2022-12-23,53833.0
2022-12-30,56912.0
2023-01-06,57331.0
2023-01-13,56873.0
2023-01-20,59195.0
2023-01-27,60577.0
2023-02-03,61333.0
2023-02-10,64363.0
2023-02-17,63550.0
2023-02-24,62526.0
2023-03-03,62620.0
2023-03-10,60888.0
2023-03-17,58750.0
2023-03-24,55950.0
2023-03-31,53319.0
2023-04-07,51189.0
2023-04-14,52447.0
2023-04-21,51376.0
2023-04-28,52966.0
2023-05-05,52662.0
2023-05-12,52346.0
2023-05-19,53097.0
2023-05-26,53234.0
2023-06-02,54686.0
2023-06-09,57097.0
2023-06-16,59066.0
2023-06-23,55664.0
2023-06-30,56459.0
2023-07-07,55200.0
2023-07-14,55775.0
2023-07-21,55889.0
2023-07-28,55729.0
2023-08-04,55045.0
2023-08-11,54452.0
2023-08-18,54875.0
2023-08-25,56077.0
2023-09-01,56286.0
2023-09-08,57781.0
2023-09-15,57623.0
2023-09-22,56041.0
2023-09-29,59348.0
2023-10-06,57942.0
2023-10-13,57051.0
2023-10-20,56065.0
2023-10-27,56567.0
2023-11-03,53453.0
2023-11-10,52581.0
2023-11-17,52195.0
2023-11-24,51538.0
2023-12-01,53873.0
2023-12-08,57045.0
2023-12-15,55863.0
2023-12-22,55368.0
2023-12-29,58393.0
2024-01-05,60873.0
2024-01-12,60021.0
2024-01-19,62325.0
2024-01-26,62846.0
2024-02-02,63447.0
2024-02-09,62998.0
2024-02-16,64366.0
2024-02-23,63600.0
2024-03-01,64530.0
2024-03-08,61131.0
2024-03-15,60913.0
2024-03-22,58246.0
2024-03-29,54815.0
2024-04-05,53143.0
2024-04-12,53163.0
2024-04-19,51925.0
2024-04-26,53604.0
2024-05-03,54674.0
2024-05-10,55534.0
2024-05-17,56056.0
2024-05-24,55295.0
2024-05-31,57109.0
2024-06-07,58810.0
2024-06-14,56141.0
2024-06-21,55990.0
2024-06-28,56973.0
2024-07-05,56466.0
2024-07-12,56418.0
2024-07-19,54859.0
2024-07-26,56288.0
2024-08-02,58004.0
2024-08-09,58224.0
2024-08-16,57571.0
2024-08-23,56867.0
2024-08-30,58208.0
2024-09-06,60995.0
2024-09-13,58363.0
2024-09-20,60082.0
2024-09-27,60988.0
2024-10-04,59659.0
2024-10-11,58530.0
2024-10-18,56582.0
2024-10-25,54778.0
2024-11-01,54088.0
2024-11-08,51275.0
2024-11-15,51807.0
2024-11-22,50635.0
2024-11-29,53033.0
2024-12-06,54302.0
2024-12-13,55687.0
2024-12-20,56682.0
2024-12-27,58568.0
2025-01-03,61383.0
2025-01-10,63350.0
2025-01-17,60300.0
2025-01-24,62100.0
2025-01-31,65510.0
2025-02-07,66742.0
2025-02-14,66517.0
2025-02-21,67019.0
